"Chr","Pos","Ref","Alt","Clinical significance","Gene"
"2","165389132","C","T","Benign","SCN2A"
"2","165389725","C","T","Benign/Likely benign","SCN2A"
"8","132129532","G","A","Benign/Likely benign","KCNQ3"
"8","132129575","C","A","Benign/Likely benign","KCNQ3"
"8","132174335","C","T","Benign/Likely benign","KCNQ3"
"2","165389737","T","C","Benign/Likely benign","SCN2A"
"2","165367290","G","A","Benign/Likely benign","SCN2A"
"2","165354485","A","C","Benign/Likely benign","SCN2A"
"8","132140093","C","T","Benign/Likely benign","KCNQ3"
"2","165389035","A","G","Benign/Likely benign","SCN2A"
"2","165389716","G","A","Benign/Likely benign","SCN2A"
"2","165295879","G","A","Benign/Likely benign","SCN2A"
"2","165323326","G","T","Benign/Likely benign","SCN2A"
"8","132163489","A","G","Benign/Likely benign","KCNQ3"
"2","165326869","A","G","Benign/Likely benign","SCN2A"
"2","165313617","T","C","Benign","SCN2A"
"2","165388720","T","A","Benign","SCN2A"
"2","165307838","G","A","Benign/Likely benign","SCN2A"
"2","165365196","C","T","Benign/Likely benign","SCN2A"
"2","165323269","T","C","Benign/Likely benign","SCN2A"
"2","165344715","A","G","Benign/Likely benign","SCN2A"
"20","63406924","A","C","Benign","KCNQ2"
"6","24504968","G","T","Benign","ALDH5A1"
"X","100664899","C","A","Benign","SRPX2"
"1","160139917","C","T","Benign","ATP1A2"
"X","40605752","T","C","Benign","ATP6AP2"
"16","47515562","G","T","Benign","PHKB"
"6","52438493","C","G","Benign","EFHC1"
"X","154359835","C","T","Benign","FLNA"
"X","32491521","T","C","Benign","DMD"
"2","165139510","G","A","Benign","SCN3A"
"7","87550493","G","A","Benign","ABCB1"
"15","73323262","C","T","Benign","HCN4"
"15","73332123","C","T","Benign","HCN4"
"4","83485040","G","C","Benign","FAM175A"
"X","71120055","A","G","Benign","MED12"
"15","73322805","C","T","Benign","HCN4"
"5","132616000","T","C","Benign","RAD50"
"16","2496589","C","T","Benign","TBC1D24"
"X","47619577","C","G","Benign","SYN1"
"19","35033558","C","T","Benign","SCN1B"
"16","29813493","G","C","Benign","PRRT2"
"12","42465080","C","G","Benign","PRICKLE1"
"2","55640710","T","C","Benign","PNPT1"
"2","55645403","A","G","Benign","PNPT1"
"2","55667112","A","G","Benign","PNPT1"
"X","100296269","T","C","Benign","PCDH19"
"1","156879983","T","C","Benign","NTRK1"
"2","50346900","G","T","Benign","NRXN1"
"2","50538652","C","T","Benign","NRXN1"
"X","119873342","G","C","Benign","NDUFA1"
"4","127920845","C","A","Benign","MFSD8"
"4","127921921","A","G","Benign","MFSD8"
"2","148489574","T","A","Benign","MBD5"
"8","132129964","C","T","Benign","KCNQ3"
"2","144398982","T","C","Benign","ZEB2"
"15","25370989","A","G","Benign","UBE3A"
"15","73325094","C","T","Benign","HCN4"
"6","65495077","G","A","Benign","EYS"
"19","51350309","C","T","Benign","ETFB"
"6","145627509","G","C","Benign","EPM2A"
"X","32501744","G","A","Benign","DMD"
"10","14908594","C","T","Benign","DCLRE1C"
"11","1754120","G","A","Benign","CTSD"
"8","1771344","G","A","Benign","CLN8"
"20","63355968","C","T","Benign","CHRNA4"
"20","63349642","C","T","Benign","CHRNA4"
"20","63350433","C","T","Benign","CHRNA4"
"20","63351009","G","A","Benign","CHRNA4"
"8","27467217","T","C","Benign","CHRNA2"
"X","18625160","G","A","Benign","CDKL5"
"2","151870575","A","G","Benign","CACNB4"
"1","160128759","G","A","Benign","ATP1A2"
"7","66086775","C","A","Benign","ASL"
"12","47980605","C","T","Benign/Likely benign","COL2A1"
"10","77403989","C","T","Benign/Likely benign","KCNMA1"
"16","88647125","A","C","Benign/Likely benign","CYBA"
"1","55059640","A","G","Benign/Likely benign","PCSK9"
"2","232087546","C","T","Benign/Likely benign","DIS3L2"
"2","232263269","T","C","Benign/Likely benign","DIS3L2"
"16","3583104","T","A","Benign/Likely benign","SLX4"
"16","3589300","C","T","Benign/Likely benign","SLX4"
"16","3596179","G","A","Benign/Likely benign","SLX4"
"14","45173084","A","G","Benign/Likely benign","FANCM"
"2","58165745","A","G","Benign/Likely benign","FANCL"
"3","52405266","C","T","Benign/Likely benign","BAP1"
"3","52407220","C","T","Benign/Likely benign","BAP1"
"3","52408045","G","A","Benign/Likely benign","BAP1"
"3","52403877","C","A","Benign/Likely benign","BAP1"
"17","65535650","C","T","Benign/Likely benign","AXIN2"
"17","65537653","C","T","Benign/Likely benign","AXIN2"
"21","34799341","C","T","Benign/Likely benign","RUNX1"
"21","34886891","G","T","Benign/Likely benign","RUNX1"
"21","34887050","C","T","Benign/Likely benign","RUNX1"
"4","113356449","T","C","Benign/Likely benign","ANK2"
"4","113339332","T","C","Benign/Likely benign","ANK2"
"8","31147050","T","C","Benign/Likely benign","WRN"
"13","48453067","T","C","Benign/Likely benign","RB1"
"13","48377008","C","A","Benign/Likely benign","RB1"
"2","127428451","C","T","Benign/Likely benign","PROC"
"22","29673263","C","T","Benign/Likely benign","NF2"
"22","29671939","C","T","Benign/Likely benign","NF2"
"16","68737362","G","C","Benign/Likely benign","CDH1"
"17","7676278","C","T","Benign/Likely benign","TP53"
"17","65536337","G","C","Benign/Likely benign","AXIN2"
"7","150951584","C","T","Benign/Likely benign","KCNH2"
"4","113358614","T","C","Benign/Likely benign","ANK2"
"4","150870530","A","G","Benign/Likely benign","LRBA"
"22","46337934","G","A","Benign/Likely benign","TRMU"
"X","100407304","A","G","Benign/Likely benign","PCDH19"
"X","32573783","G","A","Benign/Likely benign","DMD"
"10","99716423","C","T","Benign/Likely benign","COX15"
"X","31968382","C","T","Benign/Likely benign","DMD"
"X","154352434","G","A","Benign/Likely benign","FLNA"
"9","134789203","G","A","Benign/Likely benign","COL5A1"
"2","227699169","G","A","Benign/Likely benign","SLC19A3"
"8","1771065","C","T","Benign/Likely benign","CLN8"
"4","76195736","G","C","Benign/Likely benign","SCARB2"
"3","160277643","G","A","Benign/Likely benign","IFT80"
"21","43058935","G","A","Benign/Likely benign","CBS"
"7","116755368","G","A","Benign/Likely benign","MET"
"11","94459417","C","T","Benign/Likely benign","MRE11A"
"5","132603444","T","C","Benign/Likely benign","RAD50"
"2","144398981","A","G","Benign/Likely benign","ZEB2"
"11","94490949","T","A","Benign/Likely benign","MRE11A"
"9","128621199","C","T","Benign/Likely benign","SPTAN1"
"9","128617742","G","A","Benign/Likely benign","SPTAN1"
"9","128576945","G","A","Benign/Likely benign","SPTAN1"
"2","39013977","A","G","Benign/Likely benign","SOS1"
"1","42930635","C","T","Benign/Likely benign","SLC2A1"
"16","29813666","C","G","Benign/Likely benign","PRRT2"
"2","178764726","C","T","Benign/Likely benign","TTN"
"5","140694205","T","C","Benign/Likely benign","HARS2"
"19","1399841","C","T","Benign/Likely benign","GAMT"
"2","206766722","G","C","Benign/Likely benign","FASTKD2"
"11","112028855","A","G","Benign/Likely benign","DLAT"
"9","134809297","C","T","Benign/Likely benign","COL5A1"
"7","148217382","C","T","Benign/Likely benign","CNTNAP2"
"16","28487718","C","T","Benign/Likely benign","CLN3"
"5","126595160","A","G","Benign/Likely benign","ALDH7A1"
"4","83470257","C","T","Benign/Likely benign","FAM175A"
"7","152648677","T","G","Benign/Likely benign","XRCC2"
"7","6003812","T","G","Benign/Likely benign","PMS2"
"12","112477919","C","T","Benign/Likely benign","PTPN11"
"2","47806502","G","T","Benign/Likely benign","MSH6"
"16","56509945","C","A","Benign/Likely benign","BBS2"
"14","104707494","G","T","Benign","INF2"
"16","20341296","G","T","Benign","UMOD"
"2","219570653","C","T","Benign","OBSL1"
"16","88436074","C","T","Benign","ZNF469"
"16","88435563","T","A","Benign","ZNF469"
"9","131523332","T","C","Benign","POMT1"
"5","179154858","C","T","Benign","ADAMTS2"
"2","219552544","G","A","Benign","OBSL1"
"16","70269677","C","T","Benign","AARS"
"20","51790301","G","C","Benign","SALL4"
"7","144398507","T","C","Benign","NOBOX"
"1","161362556","C","G","Benign","SDHC"
"11","34916763","T","C","Benign","PDHX"
"11","34916722","C","T","Benign","PDHX"
"11","34916652","C","G","Benign","PDHX"
"11","34916718","C","T","Benign","PDHX"
"12","53328314","T","C","Benign","SP7"
"12","53328344","C","T","Benign","SP7"
"10","84245117","T","C","Benign","RGR"
"16","88431038","A","G","Benign","ZNF469"
"16","88430992","G","A","Benign","ZNF469"
"16","88431889","T","G","Benign","ZNF469"
"12","14882147","A","G","Benign","MGP"
"16","51141987","G","C","Benign","SALL1"
"20","32436231","G","A","Benign","ASXL1"
"12","114674749","T","A","Benign","TBX3"
"16","88431813","C","T","Benign","ZNF469"
"X","28789325","G","A","Benign","IL1RAPL1"
"11","22227542","G","A","Benign","ANO5"
"4","5752817","T","C","Benign","EVC"
"19","48297081","T","C","Benign","CCDC114"
"17","8121862","A","G","Benign","HES7"
"10","76047269","T","C","Benign","C10orf11"
"16","30987877","C","T","Benign","HSD3B7"
"16","30987821","A","G","Benign","HSD3B7"
"16","30988141","T","C","Benign","HSD3B7"
"16","30988113","T","C","Benign","HSD3B7"
"1","119915381","T","A","Benign","NOTCH2"
"14","104701773","G","A","Benign","INF2"
"12","109793912","G","C","Benign","TRPV4"
"3","190322192","G","A","Benign","CLDN1"
"3","190322219","G","C","Benign","CLDN1"
"10","49646528","G","C","Benign","CHAT"
"8","60852110","C","G","Benign","CHD7"
"8","60742611","A","G","Benign","CHD7"
"18","2750446","C","T","Benign","SMCHD1"
"18","2656249","G","C","Benign","SMCHD1"
"1","5877098","G","A","Benign","NPHP4"
"4","87616585","G","A","Benign","DSPP"
"16","57651267","C","T","Benign","ADGRG1"
"11","69818865","G","T","Benign","FGF3"
"12","100493323","G","T","Benign","NR1H4"
"9","69234419","C","G","Benign","TJP2"
"19","35849107","C","T","Benign","NPHS1"
"16","30086309","G","A","Benign","TBX6"
"11","66563987","T","C","Benign","CTSF"
"2","168964250","T","C","Benign","ABCB11"
"14","50905520","A","T","Benign","PYGL"
"11","68365567","T","C","Benign","LRP5"
"11","68433827","C","T","Benign","LRP5"
"1","40303912","A","G","Benign","COL9A2"
"6","70241400","T","C","Benign","COL9A1"
"21","45981967","G","A","Benign","COL6A1"
"7","128845186","C","T","Benign","FLNC"
"7","128841524","A","C","Benign","FLNC"
"X","69616689","C","T","Benign","EDA"
"2","151562641","C","T","Benign","NEB"
"19","55162307","T","G","Benign","DNAAF3"
"2","201626051","T","C","Benign","TMEM237"
"15","26560917","A","G","Benign","GABRB3"
"6","136845652","A","C","Benign","PEX7"
"13","100368441","A","G","Benign","PCCA"
"X","150658044","A","G","Benign","MTM1"
"4","1803775","C","T","Benign","FGFR3"
"16","88643560","T","C","Benign","CYBA"
"17","50189930","C","G","Benign","COL1A1"
"5","60944916","C","T","Benign","ERCC8"
"19","11131239","A","G","Benign","LDLR"
"12","109808459","G","A","Benign","TRPV4"
"9","136514512","C","T","Benign","NOTCH1"
"1","43439615","C","T","Benign","SZT2"
"1","43425140","G","A","Benign","SZT2"
"22","19880221","C","T","Benign","TXNRD2"
"X","153694445","C","T","Benign","SLC6A8"
"15","73367725","C","G","Benign","HCN4"
"18","22183028","A","G","Benign","GATA6"
"X","13760504","A","C","Benign","OFD1"
"X","136210005","G","A","Benign","FHL1"
"7","74051926","G","A","Benign","ELN"
"4","113355735","A","G","Benign","ANK2"
"2","21002482","A","G","Benign","APOB"
"22","37715810","C","A","Benign","TRIOBP"
"10","79946452","G","A","Benign","SFTPD"
"17","18121038","G","T","Benign","MYO15A"
"5","90651609","A","G","Benign","ADGRV1"
"11","22239606","C","G","Benign","ANO5"
"19","35839554","G","C","Benign","NPHS1"
"12","21766143","G","A","Benign","KCNJ8"
"15","73323420","G","A","Benign","HCN4"
"9","136516015","C","T","Benign","NOTCH1"
"19","11013062","C","T","Benign","SMARCA4"
"3","160319784","A","G","Benign","IFT80"
"3","45541917","G","T","Benign","LARS2"
"7","83367812","G","T","Benign","SEMA3E"
"20","4699448","C","T","Benign","PRNP"
"19","50409515","G","A","Benign","POLD1"
"3","50476182","G","A","Benign","CACNA2D2"
"5","140696984","C","T","Benign","HARS2"
"12","114399566","C","T","Benign","TBX5"
"6","112148260","G","A","Benign","LAMA4"
"X","154354678","C","T","Benign/Likely benign","FLNA"
"X","154364732","T","C","Benign","FLNA"
"5","128277874","G","A","Benign","FBN2"
"5","128377852","G","A","Benign","FBN2"
"7","74056452","C","T","Benign","ELN"
"2","189052153","A","T","Benign","COL5A2"
"21","43053757","C","G","Benign","CBS"
"X","50695789","G","A","Benign","SHROOM4"
"16","2074383","C","T","Benign","TSC2"
"16","2496811","C","T","Benign","TBC1D24"
"10","93792839","C","T","Benign","LGI1"
"9","130476948","C","T","Benign","ASS1"
"10","73998288","C","T","Benign","VCL"
"11","19184934","C","T","Benign","CSRP3"
"15","48432900","A","C","Benign","FBN1"
"18","31091132","C","T","Benign","DSC2"
"8","89958707","C","T","Benign","NBN"
"2","73451990","G","A","Benign","ALMS1"
"15","73322743","C","T","Benign","HCN4"
"15","73323492","C","A","Benign","HCN4"
"8","144515238","G","A","Benign","RECQL4"
"1","155237596","T","A","Benign","GBA"
"7","87449962","G","A","Benign","ABCB4"
"1","237730374","C","T","Benign","RYR2"
"11","44130027","T","A","Benign","EXT2"
"12","100402434","T","C","Benign","SLC17A8"
"10","13283784","G","A","Benign","PHYH"
"X","136209863","C","T","Benign","FHL1"
"11","113412737","C","T","Benign","DRD2"
"2","151621016","G","A","Benign","NEB"
"4","5741793","G","A","Benign","EVC"
"22","36871725","A","G","Benign","NCF4"
"3","122284684","C","A","Benign","CASR"
"16","88643420","T","C","Benign","CYBA"
"1","2406576","A","G","Benign","PEX10"
"8","144516576","G","A","Benign","RECQL4"
"2","70777360","A","G","Benign","FIGLA"
"2","70777362","T","A","Benign","FIGLA"
"4","1801509","C","T","Benign","FGFR3"
"4","1801544","C","G","Benign","FGFR3"
"4","1801524","T","C","Benign","FGFR3"
"5","13810040","C","T","Benign","DNAH5"
"9","134805067","G","A","Benign","COL5A1"
"4","109869755","A","T","Benign","LRIT3"
"8","125082372","A","G","Benign","WASHC5"
"4","87612913","G","A","Benign","DSPP"
"11","68042874","A","G","Benign","TCIRG1"
"9","101362734","G","A","Benign","BAAT"
"10","84252957","C","T","Benign","RGR"
"1","160123432","C","T","Benign","ATP1A2"
"17","8006707","C","T","Benign","GUCY2D"
"7","128853812","C","T","Benign","FLNC"
"7","128852819","T","C","Benign","FLNC"
"9","136496962","T","C","Benign","NOTCH1"
"12","6016231","G","T","Benign","VWF"
"14","88840883","A","G","Benign","TTC8"
"20","10412514","T","G","Benign","MKKS"
"13","99985409","C","T","Benign","ZIC2"
"10","102231624","C","T","Benign","PITX3"
"9","69216482","T","C","Benign","TJP2"
"16","20348763","C","G","Benign","UMOD"
"16","20348461","C","T","Benign","UMOD"
"15","31070149","G","A","Benign","TRPM1"
"20","6778468","A","T","Benign","BMP2"
"19","44703362","T","C","Benign","CEACAM16"
"1","155240707","A","G","Benign","GBA"
"6","32039081","C","A","Benign","CYP21A2"
"17","72123970","G","A","Benign","SOX9"
"4","1799492","C","T","Benign","FGFR3"
"16","88647093","T","C","Benign","CYBA"
"7","128849174","T","C","Benign","FLNC"
"9","136502498","G","A","Benign","NOTCH1"
"6","135290432","T","C","Benign","AHI1"
"1","5865244","C","T","Benign","NPHP4"
"1","119925511","G","A","Benign","NOTCH2"
"5","13876717","T","G","Benign","DNAH5"
"11","103153299","A","G","Benign","DYNC2H1"
"9","135777364","C","T","Benign","KCNT1"
"1","5874882","C","T","Benign","NPHP4"
"15","27871136","A","G","Benign","OCA2"
"6","135411511","A","G","Benign","AHI1"
"4","109851911","G","A","Benign","LRIT3"
"17","78997464","T","C","Benign","CANT1"
"3","190312891","T","C","Benign","CLDN1"
"22","32479203","G","A","Benign","FBXO7"
"3","33120406","C","T","Benign","CRTAP"
"13","42581307","G","A","Benign","TNFSF11"
"11","68348021","A","G","Benign","LRP5"
"11","75566583","A","G","Benign","SERPINH1"
"11","75566712","C","G","Benign","SERPINH1"
"20","6770235","T","G","Benign","BMP2"
"20","6770387","A","G","Benign","BMP2"
"16","88436097","A","G","Benign","ZNF469"
"2","232526593","C","G","Benign","CHRND"
"17","42537595","G","C","Benign","NAGLU"
"1","6469128","G","A","Benign","PLEKHG5"
"2","219552220","C","G","Benign","OBSL1"
"14","91974722","G","A","Benign","TRIP11"
"7","87420029","G","A","Benign","ABCB4"
"6","135428747","G","A","Benign","AHI1"
"9","136509933","A","G","Benign","NOTCH1"
"2","71551090","C","T","Benign","DYSF"
"9","135770463","A","G","Benign","KCNT1"
"7","33357948","C","T","Benign","BBS9"
"9","14816831","C","G","Benign","FREM1"
"15","44615364","A","G","Benign","SPG11"
"X","13760512","C","G","Benign","OFD1"
"3","149178643","T","C","Benign","CP"
"14","77435895","C","T","Benign","VIPAS39"
"11","68048996","G","C","Benign","TCIRG1"
"11","117381721","A","G","Benign","CEP164"
"19","7643172","C","T","Benign","STXBP2"
"7","128841258","G","A","Benign","FLNC"
"5","149027645","A","G","Benign","SH3TC2"
"11","94464094","T","C","Benign","MRE11A"
"15","31050541","G","A","Benign","TRPM1"
"11","68410042","C","T","Benign","LRP5"
"7","74045245","G","T","Benign","ELN"
"13","38688886","C","T","Benign","FREM2"
"4","3463370","C","G","Benign","DOK7"
"20","3889432","T","A","Benign","PANK2"
"13","39655820","T","A","Benign","COG6"
"13","39655754","G","A","Benign","COG6"
"10","49614173","G","A","Benign","CHAT"
"10","49614180","T","G","Benign","CHAT"
"4","55396207","A","G","Benign","TMEM165"
"2","219570312","T","C","Benign","OBSL1"
"3","33114290","G","A","Benign","CRTAP"
"18","79680128","T","G","Benign","CTDP1"
"13","42574429","T","C","Benign","TNFSF11"
"14","50944228","C","T","Benign","PYGL"
"16","88428568","A","C","Benign","ZNF469"
"16","88428539","T","C","Benign","ZNF469"
"16","88430623","T","C","Benign","ZNF469"
"11","299411","G","C","Benign","IFITM5"
"1","23868283","C","T","Benign","FUCA1"
"15","73325352","C","A","Benign","HCN4"
"2","47803512","T","C","Benign","MSH6"
"1","45331227","G","C","Benign","MUTYH"
"10","86900031","G","A","Benign","BMPR1A"
"11","94471563","T","C","Benign","MRE11A"
"11","1227764","G","A","Benign","MUC5B"
"1","216046499","C","A","Benign","USH2A"
"11","17522857","G","C","Benign","USH1C"
"17","18148792","G","A","Benign","MYO15A"
"18","46529181","G","A","Benign","LOXHD1"
"9","69221188","G","A","Benign","TJP2"
"10","53809469","C","T","Benign","PCDH15"
"19","50266945","A","G","Benign","MYH14"
"2","70964973","G","A","Benign","ATP6V1B1"
"6","112185279","G","A","Benign","LAMA4"
"2","178749332","A","G","Benign","TTN"
"20","31833711","C","T","Benign","MYLK2"
"X","53413055","G","A","Benign","SMC1A"
"2","44944703","A","G","Benign","SIX3"
"19","38534701","T","G","Benign","RYR1"
"19","54129048","T","C","Benign","PRPF31"
"9","131520066","C","T","Benign","POMT1"
"6","51831007","T","A","Benign","PKHD1"
"6","51754908","C","G","Benign","PKHD1"
"6","143470941","C","G","Benign","PEX3"
"10","124405422","A","G","Benign","OAT"
"1","5875036","G","A","Benign","NPHP4"
"2","151675267","G","T","Benign","NEB"
"1","11794400","C","T","Benign","MTHFR"
"6","79518824","T","C","Benign","LCA5"
"6","129143936","C","T","Benign","LAMA2"
"X","153867516","T","C","Benign","L1CAM"
"9","100104623","C","T","Benign","INVS"
"10","98431202","C","T","Benign","HPS1"
"17","80107752","T","C","Benign","GAA"
"7","114631671","C","T","Benign","FOXP2"
"2","55881747","A","G","Benign","EFEMP1"
"X","154776873","G","A","Benign","DKC1"
"21","45992830","G","C","Benign","COL6A1"
"2","181548875","T","A","Benign","CERKL"
"15","42396795","A","G","Benign","CAPN3"
"X","49231912","C","T","Benign","CACNA1F"
"15","72695247","G","T","Benign","BBS4"
"X","78046457","A","G","Benign","ATP7A"
"3","128908178","A","G","Benign","ACAD9"
"3","128895342","A","C","Benign","ACAD9"
"4","6277551","G","A","Benign","WFS1"
"1","215728050","G","A","Benign","USH2A"
"11","17509510","G","T","Benign","USH1C"
"2","178701513","C","T","Benign","TTN"
"22","37713220","C","G","Benign","TRIOBP"
"9","69252835","T","C","Benign","TJP2"
"9","69246759","A","G","Benign","TJP2"
"10","79941966","A","G","Benign","SFTPD"
"2","85666719","G","A","Benign","SFTPB"
"10","20852541","C","T","Benign","NEBL"
"19","50223316","G","T","Benign","MYH14"
"11","1255193","G","C","Benign","MUC5B"
"5","90745757","T","C","Benign","ADGRV1"
"14","76439369","A","G","Benign","ESRRB"
"14","77291300","A","G","Benign","POMT2"
"X","152869048","C","T","Benign","NSDHL"
"10","69000515","T","C","Benign","KIF1BP"
"14","28768497","C","G","Benign","FOXG1"
"16","3729593","G","A","Benign","CREBBP"
"16","3778171","T","C","Benign","CREBBP"
"16","2500784","C","T","Benign","TBC1D24"
"X","154420108","C","T","Benign","TAZ"
"9","133356490","C","T","Benign","SURF1"
"9","127665348","C","T","Benign","STXBP1"
"9","128612222","G","A","Benign","SPTAN1"
"16","89556997","C","T","Benign","SPG7"
"2","39058658","C","T","Benign","SOS1"
"18","51067009","T","C","Benign","SMAD4"
"X","135998508","T","C","Benign","SLC9A6"
"14","22812901","T","C","Benign","SLC7A7"
"14","22813240","G","A","Benign","SLC7A7"
"14","22773619","A","G","Benign","SLC7A7"
"14","22778903","T","C","Benign","SLC7A7"
"11","119030552","G","A","Benign","SLC37A4"
"11","119024922","G","A","Benign","SLC37A4"
"11","119024976","G","A","Benign","SLC37A4"
"11","119025252","C","T","Benign","SLC37A4"
"11","119027609","C","T","Benign","SLC37A4"
"11","119027614","C","T","Benign","SLC37A4"
"20","46733738","G","A","Benign","SLC2A10"
"20","46729506","T","G","Benign","SLC2A10"
"4","185143348","G","A","Benign","SLC25A4"
"13","40808575","A","T","Benign","SLC25A15"
"3","38606053","C","T","Benign","SCN5A"
"3","38622447","C","T","Benign","SCN5A"
"11","118137075","C","T","Benign","SCN4B"
"19","35034035","C","A","Benign","SCN1B"
"19","35033920","T","C","Benign","SCN1B"
"2","165996046","G","A","Benign","SCN1A|LOC102724058"
"4","76213496","G","C","Benign","SCARB2"
"4","76169853","T","A","Benign","SCARB2"
"4","76181015","G","A","Benign","SCARB2"
"1","237648435","C","T","Benign","RYR2"
"1","237445542","C","T","Benign","RYR2"
"1","237388136","C","T","Benign","RYR2"
"1","237364379","C","T","Benign","RYR2"
"19","41869228","G","A","Benign","RPS19"
"1","23691787","C","G","Benign","RPL11"
"1","40097097","T","G","Benign","PPT1"
"14","77277454","C","T","Benign","POMT2"
"14","77277499","A","G","Benign","POMT2"
"15","89317555","T","G","Benign","POLG"
"19","49862279","G","A","Benign/Likely benign","PNKP"
"7","6003681","A","C","Benign","PMS2"
"1","6491632","G","A","Benign","PLEKHG5"
"4","185535393","C","T","Benign","PDLIM3"
"4","185502282","C","T","Benign","PDLIM3"
"4","185502483","C","T","Benign","PDLIM3"
"4","185506637","G","A","Benign","PDLIM3"
"4","185514281","G","A","Benign","PDLIM3"
"11","34966796","T","C","Benign","PDHX"
"5","149903675","G","A","Benign","PDE6A"
"X","100296706","C","T","Benign","PCDH19"
"5","69509789","G","A","Benign","OCLN"
"1","156879203","C","T","Benign","NTRK1"
"7","144398975","G","A","Benign","NOBOX"
"2","69431994","T","A","Benign","NFU1"
"10","20815722","G","A","Benign","NEBL"
"8","133248705","T","C","Benign","NDRG1"
"16","15649419","C","T","Benign","NDE1"
"16","15691192","C","T","Benign","NDE1"
"10","68197472","C","T","Benign","MYPN"
"10","68189087","C","T","Benign","MYPN"
"5","7878079","T","C","Benign","MTRR"
"5","7869122","T","C","Benign","MTRR"
"5","7897206","G","A","Benign","MTRR"
"5","7897170","G","A","Benign","MTRR"
"1","236891269","A","G","Benign","MTR"
"1","236897550","T","C","Benign","MTR"
"1","236897133","G","T","Benign","MTR"
"1","236895528","C","T","Benign","MTR"
"1","236895444","C","A","Benign","MTR"
"10","30340207","C","T","Benign","MTPAP"
"10","30349161","G","T","Benign","MTPAP"
"6","73497873","C","T","Benign","MTO1"
"6","73497764","A","G","Benign","MTO1"
"6","73482147","T","C","Benign","MTO1"
"1","12001963","G","A","Benign","MFN2"
"1","11999023","C","T","Benign","MFN2"
"19","49836291","G","A","Benign","MED25"
"8","6445460","A","G","Benign","MCPH1"
"8","6439029","T","G","Benign","MCPH1"
"2","71124357","C","T","Benign","MCEE"
"19","4117649","A","C","Benign","MAP2K2"
"18","2925361","G","A","Benign","LPIN2"
"17","70176074","C","T","Benign","KCNJ2"
"17","46039769","G","A","Benign","KANSL1"
"X","137566853","T","C","Benign","ZIC3"
"2","144398826","T","C","Benign","ZEB2"
"2","97737676","G","T","Benign","ZAP70"
"2","97725265","C","G","Benign","ZAP70"
"10","74094252","G","A","Benign","VCL"
"1","215675299","G","A","Benign","USH2A"
"1","215970606","A","G","Benign","USH2A"
"1","216046439","C","T","Benign","USH2A"
"1","216175422","A","G","Benign","USH2A"
"22","50529506","C","T","Benign","TYMP"
"16","89933586","C","T","Benign","TUBB3"
"6","3225480","C","T","Benign","TUBB2B"
"2","178715473","G","A","Benign","TTN"
"2","178730390","G","C","Benign","TTN"
"2","178769694","A","C","Benign","TTN"
"2","178771192","G","A","Benign","TTN"
"2","178621381","T","C","Benign","TTN"
"16","2075818","C","T","Benign","TSC2"
"16","2062618","G","C","Benign","TSC2"
"11","6619243","C","A","Benign","TPP1"
"11","6616033","C","G","Benign","TPP1"
"2","201642630","C","G","Benign","TMEM237"
"16","66550091","C","G","Benign","TK2"
"16","66550099","A","G","Benign","TK2"
"16","66517235","A","G","Benign","TK2"
"X","101348670","C","T","Benign","TIMM8A"
"19","17841376","C","A","Benign","JAK3"
"19","17837923","A","G","Benign","JAK3"
"11","6609785","C","T","Benign","ILK"
"11","6609602","G","A","Benign","ILK"
"11","6608435","C","T","Benign","ILK"
"2","197499794","C","T","Benign","HSPD1"
"2","197495386","G","A","Benign","HSPD1"
"2","197489077","C","T","Benign","HSPD1"
"21","36990170","T","C","Benign","HLCS"
"15","73329605","C","T","Benign","HCN4"
"2","26282990","A","G","Benign","HADHB"
"12","21580365","G","A","Benign","GYS2"
"16","9891116","C","G","Benign","GRIN2A"
"5","90642617","G","T","Benign","ADGRV1"
"X","133536241","A","G","Benign","GPC3"
"17","46923163","G","C","Benign","GOSR2"
"7","42076876","G","A","Benign","GLI3"
"15","45378483","T","G","Benign","GATM"
"12","32624428","G","A","Benign","FGD4"
"12","32611250","G","A","Benign","FGD4"
"9","94603587","G","A","Benign","FBP1"
"5","128274628","C","G","Benign","FBN2"
"5","128287291","G","A","Benign","FBN2"
"15","48428329","C","G","Benign","FBN1"
"15","48468553","A","G","Benign","FBN1"
"6","5431107","A","G","Benign","FARS2"
"6","5368909","C","T","Benign","FARS2"
"6","5368672","G","A","Benign","FARS2"
"5","16481076","T","C","Benign","FAM134B"
"3","27721936","C","G","Benign","EOMES"
"19","852288","C","A","Benign","ELANE"
"19","855966","C","T","Benign","ELANE"
"16","23552180","G","A","Benign","EARS2"
"16","23525363","A","G","Benign","EARS2"
"16","23529902","C","T","Benign","EARS2"
"16","23535240","C","G","Benign","EARS2"
"14","101991691","C","T","Benign","DYNC1H1"
"18","34890327","G","A","Benign","DTNA"
"18","34875415","T","C","Benign","DTNA"
"6","7558085","T","C","Benign","DSP"
"12","32679332","G","T","Benign","DNM1L"
"20","63929545","C","T","Benign","DNAJC5"
"X","32485077","G","A","Benign","DMD"
"X","31478233","A","G","Benign","DMD"
"X","31875190","C","A","Benign","DMD"
"11","1759104","C","T","Benign","CTSD"
"11","1754157","A","C","Benign","CTSD"
"3","9943412","G","A","Benign","CRELD1"
"2","210639132","A","G","Benign","CPS1"
"4","83284576","G","T","Benign","COQ2"
"4","83273601","A","G","Benign","COQ2"
"4","83273614","A","G","Benign","COQ2"
"2","189097346","T","A","Benign","COL5A2"
"2","189098775","C","T","Benign","COL5A2"
"2","189110232","A","C","Benign","COL5A2"
"2","189043211","C","T","Benign","COL5A2"
"2","189051384","G","C","Benign","COL5A2"
"2","189052891","G","A","Benign","COL5A2"
"2","189064674","C","G","Benign","COL5A2"
"9","134818983","C","T","Benign","COL5A1"
"9","134812587","G","A","Benign","COL5A1"
"9","134796356","C","A","Benign","COL5A1"
"9","134795328","C","A","Benign","COL5A1"
"9","134785112","C","G","Benign","COL5A1"
"9","134782675","C","T","Benign","COL5A1"
"9","134780166","C","T","Benign","COL5A1"
"9","134750632","A","G","Benign","COL5A1"
"2","189005473","T","G","Benign","COL3A1"
"2","188997236","A","G","Benign","COL3A1"
"2","188984744","C","T","Benign","COL3A1"
"7","147132298","C","T","Benign","CNTNAP2"
"1","154575830","C","G","Benign","CHRNB2"
"20","63361072","G","T","Benign","CHRNA4|LOC100130587"
"20","63346877","G","A","Benign","CHRNA4"
"12","88111301","G","A","Benign","CEP290"
"10","71738658","G","A","Benign","CDH23"
"10","71690449","C","G","Benign","CDH23"
"12","2595922","C","T","Benign","CACNA1C"
"10","100991026","C","A","Benign","TWNK"
"13","32319337","A","G","Benign","BRCA2"
"7","140777971","T","C","Benign","BRAF"
"7","140787603","C","T","Benign","BRAF"
"15","90749883","G","A","Benign","BLM"
"10","119669842","T","A","Benign","BAG3"
"11","108304660","G","C","Benign","ATM"
"11","108259082","A","G","Benign","ATM"
"14","50595639","G","A","Benign","ATL1"
"X","25010308","T","C","Benign","ARX"
"20","48952689","C","T","Benign","ARFGEF2"
"4","113363489","C","T","Benign","ANK2"
"4","113237118","C","T","Benign","ANK2"
"X","55024740","A","G","Benign","ALAS2"
"10","88941888","T","C","Benign","ACTA2"
"22","41518589","C","T","Benign","ACO2"
"1","75750501","C","T","Benign","ACADM"
"X","75065161","A","G","Benign","ABCB7"
"X","75065162","C","T","Benign","ABCB7"
"X","75112907","C","T","Benign","ABCB7"
"17","58694923","A","G","Benign","RAD51C"
"11","108229171","C","T","Benign","ATM"
"11","108287648","T","C","Benign","ATM"
"14","77278850","G","T","Benign","POMT2"
"15","89329018","G","A","Benign/Likely benign","POLG"
"15","89333627","A","G","Benign/Likely benign","POLG"
"8","143934868","G","A","Benign","PLEC"
"9","131009289","C","T","Benign/Likely benign","LAMC3"
"X","154438762","C","T","Benign/Likely benign","GDI1"
"17","80107730","G","A","Benign","GAA"
"1","1020217","G","T","Benign","AGRN"
"X","148953670","G","A","Benign","AFF2"
"13","31274581","G","A","Benign","B3GLCT"
"2","144403913","G","C","Benign","ZEB2"
"2","144389625","C","T","Benign","ZEB2"
"7","148267026","C","T","Benign","CNTNAP2"
"16","83899691","T","C","Benign","MLYCD"
"X","31478964","A","G","Benign","DMD"
"X","32698016","C","G","Benign","DMD"
"X","32698015","C","A","Benign","DMD"
"X","31929680","C","T","Benign","DMD"
"X","32345925","A","G","Benign","DMD"
"X","32441332","T","C","Benign","DMD"
"X","32464569","A","T","Benign","DMD"
"X","33174336","C","T","Benign","DMD"
"11","68785018","C","T","Benign","CPT1A"
"11","68793312","G","A","Benign","CPT1A"
"11","68793319","G","A","Benign","CPT1A"
"11","68799374","T","G","Benign","CPT1A"
"11","68799371","C","T","Benign","CPT1A"
"20","63350010","C","T","Benign","CHRNA4"
"3","48859645","T","C","Benign","SLC25A20"
"X","19355671","C","A","Benign","PDHA1"
"1","215934786","A","G","Benign","USH2A"
"1","215998957","G","C","Benign","USH2A"
"1","216200074","T","G","Benign","USH2A"
"1","216246848","G","A","Benign","USH2A"
"1","215625828","A","G","Benign","USH2A"
"1","215625868","T","C","Benign","USH2A"
"1","215634456","A","G","Benign","USH2A"
"1","215675303","A","G","Benign","USH2A"
"1","215675466","T","C","Benign","USH2A"
"1","215758586","A","T","Benign","USH2A"
"1","215779924","A","G","Benign","USH2A"
"1","215779946","C","A","Benign","USH2A"
"2","26477768","C","G","Benign","OTOF"
"11","17504709","T","C","Benign","USH1C"
"2","178741116","C","T","Benign","TTN"
"2","178745750","T","C","Benign","TTN"
"2","178745892","G","C","Benign","TTN"
"2","178746953","C","T","Benign","TTN"
"2","178747124","G","A","Benign","TTN"
"2","178747148","T","C","Benign","TTN"
"2","178747646","T","G","Benign","TTN"
"2","178748156","T","C","Benign","TTN"
"2","178748531","T","G","Benign","TTN"
"2","178748792","C","T","Benign","TTN"
"2","178748924","C","T","Benign","TTN"
"2","178748945","T","C","Benign","TTN"
"2","178750225","T","C","Benign","TTN"
"2","178751267","A","G","Benign","TTN"
"2","178621650","C","T","Benign","TTN"
"2","178679328","A","G","Benign","TTN"
"2","178704978","T","C","Benign","TTN"
"10","53857282","C","A","Benign","PCDH15"
"18","34820847","C","T","Benign","DTNA"
"18","34812047","G","T","Benign","DTNA"
"18","34794119","C","T","Benign","DTNA"
"18","34877815","T","C","Benign","DTNA"
"18","34875316","G","A","Benign","DTNA"
"5","90697124","C","T","Benign","ADGRV1"
"5","90694338","C","T","Benign","ADGRV1"
"5","90694040","T","C","Benign","ADGRV1"
"5","90684016","C","T","Benign","ADGRV1"
"5","90683751","G","A","Benign","ADGRV1"
"5","90653828","T","C","Benign","ADGRV1"
"5","90643052","T","A","Benign","ADGRV1"
"5","90840983","A","G","Benign","ADGRV1"
"5","90802875","A","G","Benign","ADGRV1"
"10","71810576","C","T","Benign","CDH23"
"10","71793524","T","A","Benign","CDH23"
"10","71707017","G","A","Benign","CDH23"
"17","41767511","C","T","Benign","JUP"
"9","114423486","C","T","Benign","WHRN"
"10","74090008","C","T","Benign","VCL"
"10","86681690","G","A","Benign","LDB3"
"10","20868692","C","A","Benign","NEBL"
"10","20785795","A","G","Benign","NEBL"
"10","20819448","G","A","Benign","NEBL"
"10","20823208","T","A","Benign","NEBL"
"10","20826455","A","G","Benign","NEBL"
"10","20831187","T","C","Benign","NEBL"
"10","20845353","G","C","Benign","NEBL"
"10","20845374","T","G","Benign","NEBL"
"10","20850460","A","G","Benign","NEBL"
"10","20852540","A","G","Benign","NEBL"
"4","6289021","C","T","Benign","WFS1"
"12","21894157","G","A","Benign","ABCC9"
"12","32877908","G","A","Benign","PKP2"
"6","112187495","T","G","Benign","LAMA4"
"6","112115959","T","A","Benign","LAMA4"
"6","112122175","A","C","Benign","LAMA4"
"6","112128907","C","T","Benign","LAMA4"
"6","112201692","T","G","Benign","LAMA4"
"6","112201698","C","T","Benign","LAMA4"
"17","81511890","C","A","Benign","ACTG1"
"10","101010745","C","T","Benign","PDZD7"
"X","101348375","A","G","Benign","TIMM8A"
"10","53808767","G","A","Benign","PCDH15"
"10","110781897","A","G","Benign","RBM20"
"1","236726030","C","T","Benign","ACTN2"
"1","236754039","C","A","Benign","ACTN2"
"1","236747790","C","T","Benign","ACTN2"
"10","86699293","G","A","Benign","LDB3"
"15","63061252","A","G","Benign","TPM1"
"11","119299544","G","A","Benign","CBL"
"19","41341955","C","T","Benign","TGFB1"
"17","37739658","C","T","Benign","HNF1B"
"19","17834662","C","T","Benign","JAK3"
"9","34648098","G","A","Benign","GALT"
"15","48503845","C","T","Benign","FBN1"
"X","153729222","C","T","Benign/Likely benign","ABCD1"
"19","54939359","G","A","Benign/Likely benign","NLRP7"
"12","114366361","C","T","Benign/Likely benign","TBX5"
"8","63085998","C","G","Benign/Likely benign","TTPA"
"3","4691209","C","T","Benign/Likely benign","ITPR1"
"6","31862088","G","C","Benign/Likely benign","NEU1"
"17","50166033","G","A","Benign/Likely benign","SGCA"
"X","139541199","T","G","Benign/Likely benign","F9"
"13","42574450","C","T","Benign/Likely benign","TNFSF11"
"2","20012445","T","G","Benign/Likely benign","MATN3"
"20","3889090","G","A","Benign/Likely benign","PANK2"
"2","29071763","G","A","Benign/Likely benign","C2orf71"
"2","29071888","C","G","Benign/Likely benign","C2orf71"
"16","51137172","C","T","Benign/Likely benign","SALL1"
"1","6468009","G","C","Benign/Likely benign","PLEKHG5"
"1","6468260","G","A","Benign/Likely benign","PLEKHG5"
"16","57920544","T","C","Benign/Likely benign","CNGB1"
"15","98957376","C","T","Benign/Likely benign","IGF1R"
"1","154590175","G","A","Benign/Likely benign","ADAR"
"9","92032476","G","A","Benign/Likely benign","SPTLC1"
"16","30723987","T","A","Benign/Likely benign","SRCAP"
"19","54939378","G","A","Benign/Likely benign","NLRP7"
"19","50271454","C","T","Benign/Likely benign","MYH14"
"5","138951165","T","C","Benign/Likely benign","SIL1"
"22","41177525","G","A","Benign/Likely benign","EP300"
"16","88430284","G","A","Benign/Likely benign","ZNF469"
"8","42472333","T","C","Benign/Likely benign","SLC20A2"
"11","6391872","C","T","Benign/Likely benign","SMPD1"
"2","29071373","C","T","Benign/Likely benign","C2orf71"
"3","119402370","A","G","Benign/Likely benign","ARHGAP31"
"10","84245109","C","T","Benign/Likely benign","RGR"
"1","6468529","G","A","Benign/Likely benign","PLEKHG5"
"1","6468408","G","A","Benign/Likely benign","PLEKHG5"
"2","237334838","A","G","Benign/Likely benign","COL6A3"
"2","237374886","G","A","Benign/Likely benign","COL6A3"
"16","88430986","T","C","Benign/Likely benign","ZNF469"
"3","128807566","C","G","Benign/Likely benign","RAB7A"
"21","46002407","G","C","Benign/Likely benign","COL6A1"
"3","119416025","G","A","Benign/Likely benign","ARHGAP31"
"2","219055825","C","T","Benign/Likely benign","IHH"
"8","42417950","C","T","Benign/Likely benign","SLC20A2"
"19","40403757","C","G","Benign/Likely benign","PRX"
"3","33124427","T","C","Benign/Likely benign","CRTAP"
"9","32542365","C","T","Benign/Likely benign","TOPORS"
"6","43037887","C","T","Benign/Likely benign","CUL7"
"12","65210973","C","T","Benign/Likely benign","LEMD3"
"15","65650743","A","G","Benign/Likely benign","SLC24A1"
"2","43851714","G","A","Benign/Likely benign","ABCG8"
"15","28018482","C","G","Benign/Likely benign","OCA2"
"2","237387666","G","A","Benign/Likely benign","COL6A3"
"7","156763691","C","G","Benign/Likely benign","LMBR1"
"3","58138292","C","T","Benign/Likely benign","FLNB"
"6","108074445","G","T","Benign/Likely benign","OSTM1"
"3","119393521","T","C","Benign/Likely benign","ARHGAP31"
"13","23337609","G","A","Benign/Likely benign","SACS"
"13","23339688","C","T","Benign/Likely benign","SACS"
"14","64051954","G","A","Benign/Likely benign","SYNE2"
"2","20012570","T","G","Benign/Likely benign","MATN3"
"16","88429167","C","T","Benign/Likely benign","ZNF469"
"8","99861912","A","G","Benign/Likely benign","VPS13B"
"15","42878625","G","A","Benign/Likely benign","TTBK2"
"14","63983748","G","A","Benign/Likely benign","SYNE2"
"14","63964010","A","G","Benign/Likely benign","SYNE2"
"14","64056173","C","T","Benign/Likely benign","SYNE2"
"14","64022834","A","C","Benign/Likely benign","SYNE2"
"16","70268298","G","C","Benign/Likely benign","AARS"
"1","209628135","C","T","Benign/Likely benign","LAMB3"
"21","46151896","A","T","Benign/Likely benign","FTCD"
"21","46150104","C","T","Benign/Likely benign","FTCD"
"14","64053260","A","G","Benign/Likely benign","SYNE2"
"14","64081475","T","C","Benign/Likely benign","SYNE2"
"15","89648509","G","A","Benign/Likely benign","KIF7"
"14","64223337","G","A","Benign/Likely benign","SYNE2"
"14","64216260","C","T","Benign/Likely benign","SYNE2"
"1","236394504","G","A","Benign/Likely benign","EDARADD"
"16","88428755","G","A","Benign/Likely benign","ZNF469"
"10","6021604","G","A","Benign/Likely benign","IL2RA"
"10","101612369","T","C","Benign/Likely benign","FBXW4"
"9","14801771","G","A","Benign/Likely benign","FREM1"
"13","38851875","G","T","Benign/Likely benign","FREM2"
"13","38692030","T","C","Benign/Likely benign","FREM2"
"12","49046626","C","T","Benign/Likely benign","KMT2D"
"2","210591913","A","T","Benign/Likely benign","CPS1"
"2","237354908","C","T","Benign/Likely benign","COL6A3"
"2","219060145","C","T","Benign/Likely benign","IHH"
"22","50627388","C","T","Benign/Likely benign","ARSA"
"2","151560621","G","A","Benign/Likely benign","NEB"
"2","151560620","C","A","Benign/Likely benign","NEB"
"21","45992773","G","A","Benign/Likely benign","COL6A1"
"11","6391779","A","G","Benign/Likely benign","SMPD1"
"15","80177544","A","G","Benign/Likely benign","FAH"
"19","11131368","G","A","Benign/Likely benign","LDLR"
"2","189050620","C","T","Benign/Likely benign","COL5A2"
"4","113282788","A","G","Benign/Likely benign","ANK2"
"5","128273856","C","T","Benign/Likely benign","FBN2"
"19","49200766","T","C","Benign/Likely benign","TRPM4"
"1","11949854","G","A","Benign/Likely benign","PLOD1"
"1","11970702","G","T","Benign/Likely benign","PLOD1"
"1","11974757","C","G","Benign/Likely benign","PLOD1"
"1","11949781","C","T","Benign/Likely benign","PLOD1"
"1","11974748","T","C","Benign/Likely benign","PLOD1"
"1","11963575","G","A","Benign/Likely benign","PLOD1"
"21","43072142","C","T","Benign/Likely benign","CBS"
"2","178735548","T","C","Benign/Likely benign","TTN"
"4","113292475","C","T","Benign/Likely benign","ANK2"
"15","89645930","G","A","Benign/Likely benign","KIF7"
"16","84170055","T","G","Benign/Likely benign","DNAAF1"
"7","157382328","G","C","Benign/Likely benign","DNAJB6"
"15","72735954","A","T","Benign/Likely benign","BBS4"
"1","17005530","A","G","Benign/Likely benign","ATP13A2"
"6","135394846","G","A","Benign/Likely benign","AHI1"
"18","2707800","C","T","Benign/Likely benign","SMCHD1"
"18","2705814","C","T","Benign/Likely benign","SMCHD1"
"18","2700615","A","G","Benign/Likely benign","SMCHD1"
"2","216450989","C","T","Benign/Likely benign","SMARCAL1"
"7","128972576","T","C","Benign/Likely benign","TNPO3"
"5","137883389","T","C","Benign/Likely benign","MYOT"
"5","137877618","G","A","Benign/Likely benign","MYOT"
"3","15455986","G","A","Benign/Likely benign","COLQ"
"2","237365716","C","T","Benign/Likely benign","COL6A3"
"9","35685721","C","T","Benign/Likely benign","TPM2"
"12","47985759","G","T","Benign/Likely benign","COL2A1"
"7","128849200","C","T","Benign/Likely benign","FLNC"
"2","98377783","C","T","Benign/Likely benign","CNGA3"
"2","151671063","G","A","Benign/Likely benign","NEB"
"2","151672462","T","A","Benign/Likely benign","NEB"
"2","151677700","C","T","Benign/Likely benign","NEB"
"2","201636828","A","G","Benign/Likely benign","TMEM237"
"1","99861532","A","G","Benign/Likely benign","AGL"
"15","72350564","G","A","Benign/Likely benign","HEXA"
"14","74502918","G","C","Benign/Likely benign","LTBP2"
"6","129454230","G","A","Benign/Likely benign","LAMA2"
"6","42968332","C","T","Benign/Likely benign","PEX6"
"10","49459232","T","G","Benign/Likely benign","ERCC6"
"X","80716152","G","A","Benign/Likely benign","BRWD3"
"2","190985665","T","C","Benign/Likely benign","STAT1"
"5","177386245","G","A","Benign/Likely benign","SLC34A1"
"15","77031194","A","C","Benign/Likely benign","PSTPIP1"
"14","95096405","T","C","Benign/Likely benign","DICER1"
"9","127496101","C","T","Benign/Likely benign","LRSAM1"
"10","68165781","C","T","Benign/Likely benign","MYPN"
"17","8235185","G","A","Benign/Likely benign","CTC1"
"9","135759809","C","T","Benign/Likely benign","KCNT1"
"11","61437651","A","G","Benign/Likely benign","SDHAF2"
"5","178149824","C","T","Benign/Likely benign","NHP2"
"19","49168103","C","T","Benign/Likely benign","TRPM4"
"9","136496869","C","T","Benign/Likely benign","NOTCH1"
"9","136499206","G","A","Benign/Likely benign","NOTCH1"
"9","136503276","G","A","Benign/Likely benign","NOTCH1"
"9","136508132","C","T","Benign/Likely benign","NOTCH1"
"14","67751061","T","C","Benign/Likely benign","ZFYVE26"
"14","67755116","C","T","Benign/Likely benign","ZFYVE26"
"12","115991442","A","G","Benign/Likely benign","MED13L"
"1","43425193","C","T","Benign/Likely benign","SZT2"
"7","4788253","C","T","Benign/Likely benign","AP5Z1"
"7","4788228","G","A","Benign/Likely benign","AP5Z1"
"13","23340888","A","G","Benign/Likely benign","SACS"
"5","10258400","G","A","Benign/Likely benign","CCT5"
"5","10256060","A","T","Benign/Likely benign","CCT5"
"19","7542855","C","T","Benign/Likely benign","PNPLA6"
"22","19895423","C","T","Benign/Likely benign","TXNRD2"
"22","19931092","A","T","Benign/Likely benign","TXNRD2"
"10","51153278","C","T","Benign/Likely benign","PRKG1"
"10","52161958","A","G","Benign/Likely benign","PRKG1"
"19","45489444","G","A","Benign/Likely benign","RTN2"
"12","57581917","C","T","Benign/Likely benign","KIF5A"
"2","29920015","T","C","Benign/Likely benign","ALK"
"2","29193251","G","A","Benign/Likely benign","ALK"
"2","29193884","T","C","Benign/Likely benign","ALK"
"2","29197684","A","G","Benign/Likely benign","ALK"
"2","29220751","G","C","Benign/Likely benign","ALK"
"2","29220757","C","T","Benign/Likely benign","ALK"
"2","29229023","C","T","Benign/Likely benign","ALK"
"2","29232323","C","T","Benign/Likely benign","ALK"
"2","29232410","C","T","Benign/Likely benign","ALK"
"2","29251161","C","T","Benign/Likely benign","ALK"
"2","29251176","C","T","Benign/Likely benign","ALK"
"2","29275129","C","T","Benign/Likely benign","ALK"
"8","144511912","G","A","Benign/Likely benign","RECQL4"
"1","225939923","C","T","Benign/Likely benign","LEFTY2"
"2","72887544","G","A","Benign/Likely benign","SPR"
"16","89919957","G","A","Benign/Likely benign","MC1R"
"2","197488347","T","C","Benign/Likely benign","HSPD1"
"8","11756960","T","C","Benign/Likely benign","GATA4"
"19","11039449","T","A","Benign/Likely benign","SMARCA4"
"19","11033481","C","T","Benign/Likely benign","SMARCA4"
"19","11024423","C","T","Benign/Likely benign","SMARCA4"
"19","10996359","A","G","Benign/Likely benign","SMARCA4"
"19","10994965","C","T","Benign/Likely benign","SMARCA4"
"19","10991332","C","T","Benign/Likely benign","SMARCA4"
"14","75049648","A","G","Benign/Likely benign","MLH3"
"14","75048398","G","A","Benign/Likely benign","MLH3"
"6","34424760","G","A","Benign/Likely benign","RPS10|RPS10-NUDT3"
"1","92837557","A","G","Benign/Likely benign","RPL5|FAM69A"
"1","92834847","T","C","Benign/Likely benign","RPL5|FAM69A"
"1","92833636","G","A","Benign/Likely benign","RPL5|FAM69A"
"7","81974525","G","A","Benign/Likely benign","CACNA2D1"
"16","2056226","G","A","Benign/Likely benign","TSC2"
"2","189085208","G","A","Benign/Likely benign","COL5A2"
"7","150952454","C","T","Benign/Likely benign","KCNH2"
"X","107650017","C","T","Benign/Likely benign","PRPS1"
"10","53806942","G","A","Benign/Likely benign","PCDH15"
"10","53809447","C","T","Benign/Likely benign","PCDH15"
"12","80238962","G","A","Benign/Likely benign","OTOGL"
"12","80262069","C","T","Benign/Likely benign","OTOGL"
"17","18120185","G","A","Benign/Likely benign","MYO15A"
"X","32362848","C","T","Benign/Likely benign","DMD"
"10","71788990","C","G","Benign/Likely benign","CDH23"
"12","32624968","T","C","Benign/Likely benign","FGD4"
"19","50402473","A","G","Benign/Likely benign","POLD1"
"14","75049212","G","C","Benign/Likely benign","MLH3"
"11","94435822","G","A","Benign/Likely benign","MRE11A"
"9","136508242","G","T","Benign/Likely benign","NOTCH1"
"19","11041408","G","A","Benign/Likely benign","SMARCA4"
"19","49167971","C","T","Benign/Likely benign","TRPM4"
"16","11553577","C","T","Benign/Likely benign","LITAF"
"14","95094107","C","T","Benign/Likely benign","DICER1"
"19","10987010","T","A","Benign/Likely benign","SMARCA4"
"7","100627255","G","C","Benign/Likely benign","TFR2"
"14","75046760","T","C","Benign/Likely benign","MLH3"
"19","49168723","G","A","Benign/Likely benign","TRPM4"
"X","71223942","C","T","Benign/Likely benign","GJB1"
"5","112844374","A","G","Benign/Likely benign","APC"
"14","95117758","T","G","Benign/Likely benign","DICER1"
"9","136508263","C","T","Benign/Likely benign","NOTCH1"
"14","75048965","A","C","Benign/Likely benign","MLH3"
"16","11553676","G","A","Benign/Likely benign","LITAF"
"16","70252728","A","T","Benign/Likely benign","AARS"
"19","40397301","C","T","Benign/Likely benign","PRX"
"14","75047123","A","G","Benign/Likely benign","MLH3"
"14","67752483","G","A","Benign/Likely benign","ZFYVE26"
"10","97738539","C","T","Benign/Likely benign","ZFYVE27"
"10","62813286","G","T","Benign/Likely benign","EGR2"
"8","133256807","G","A","Benign/Likely benign","NDRG1"
"4","113333084","G","T","Benign/Likely benign","ANK2"
"2","197494660","A","G","Benign/Likely benign","HSPD1"
"12","57576757","G","A","Benign/Likely benign","KIF5A"
"3","121781850","C","T","Benign/Likely benign","IQCB1"
"2","86232734","C","T","Benign/Likely benign","REEP1"
"12","57567626","G","A","Benign/Likely benign","KIF5A"
"16","30722724","A","G","Benign/Likely benign","SRCAP"
"16","30711901","G","A","Benign/Likely benign","SRCAP"
"16","51140344","G","C","Benign/Likely benign","SALL1"
"6","135457656","A","G","Benign/Likely benign","AHI1"
"9","100296933","C","T","Benign/Likely benign","INVS"
"7","92097156","T","C","Benign/Likely benign","AKAP9"
"12","57581428","G","A","Benign/Likely benign","KIF5A"
"1","32782431","G","A","Benign/Likely benign","YARS"
"16","70261161","T","A","Benign/Likely benign","AARS"
"5","112780831","T","C","Benign/Likely benign","APC"
"8","24953558","G","A","Benign/Likely benign","NEFL"
"4","6301835","G","A","Benign/Likely benign","WFS1"
"4","6301349","G","A","Benign/Likely benign","WFS1"
"9","133352739","C","T","Benign/Likely benign","SURF1"
"4","185145219","T","C","Benign/Likely benign","SLC25A4"
"11","34916633","C","A","Benign/Likely benign","PDHX"
"3","193692059","A","G","Benign/Likely benign","OPA1"
"2","69431917","G","T","Benign/Likely benign","NFU1"
"2","43899580","A","G","Benign/Likely benign","LRPPRC"
"2","197494702","T","C","Benign/Likely benign","HSPD1"
"4","83264287","T","C","Benign/Likely benign","COQ2"
"X","55013526","C","A","Benign/Likely benign","ALAS2"
"X","75114753","G","A","Benign/Likely benign","ABCB7"
"3","30672308","C","T","Benign/Likely benign","TGFBR2"
"9","99128949","A","G","Benign/Likely benign","TGFBR1"
"1","218346697","A","T","Benign/Likely benign","TGFB2"
"13","36879726","C","T","Benign/Likely benign","SMAD9"
"1","2304411","T","C","Benign/Likely benign","SKI"
"1","2303832","C","T","Benign/Likely benign","SKI"
"1","2229714","G","A","Benign/Likely benign","SKI"
"1","2229565","C","T","Benign/Likely benign","SKI"
"6","112114209","G","C","Benign/Likely benign","LAMA4"
"5","128291536","A","G","Benign/Likely benign","FBN2"
"5","128318282","G","C","Benign/Likely benign","FBN2"
"5","128345344","G","A","Benign/Likely benign","FBN2"
"7","74035430","C","A","Benign/Likely benign","ELN"
"9","134731612","G","A","Benign/Likely benign","COL5A1"
"9","134690893","T","C","Benign/Likely benign","COL5A1"
"9","134814055","C","T","Benign/Likely benign","COL5A1"
"9","134812440","T","C","Benign/Likely benign","COL5A1"
"9","134806221","C","T","Benign/Likely benign","COL5A1"
"9","134796438","G","A","Benign/Likely benign","COL5A1"
"9","134772813","T","A","Benign/Likely benign","COL5A1"
"9","134766989","G","C","Benign/Likely benign","COL5A1"
"21","43056876","G","A","Benign/Likely benign","CBS"
"12","131943602","C","T","Benign/Likely benign","PUS1"
"21","34887011","G","A","Benign/Likely benign","RUNX1"
"X","53196844","A","G","Benign/Likely benign","KDM5C"
"9","135769969","G","A","Benign/Likely benign","KCNT1"
"X","147944969","C","T","Benign/Likely benign","FMR1"
"2","237344659","G","A","Benign/Likely benign","COL6A3"
"X","49243277","C","T","Benign/Likely benign","CCDC22"
"16","2088121","G","A","Benign/Likely benign","TSC2"
"16","2085332","C","T","Benign/Likely benign","TSC2"
"16","2072374","C","T","Benign/Likely benign","TSC2"
"16","2061882","C","T","Benign/Likely benign","TSC2"
"9","128625889","G","A","Benign/Likely benign","SPTAN1"
"9","128607673","C","T","Benign/Likely benign","SPTAN1"
"12","51762607","C","A","Benign/Likely benign","SCN8A"
"2","166047732","T","C","Benign/Likely benign","SCN1A"
"20","63433862","C","T","Benign/Likely benign","KCNQ2"
"17","46033444","C","G","Benign/Likely benign","KANSL1"
"17","46171295","G","A","Benign/Likely benign","KANSL1"
"17","46172114","C","T","Benign/Likely benign","KANSL1"
"16","10182078","C","T","Benign/Likely benign","GRIN2A"
"19","1399808","A","G","Benign/Likely benign","GAMT"
"20","63929336","C","T","Benign/Likely benign","DNAJC5"
"20","63928390","A","G","Benign/Likely benign","DNAJC5"
"18","55228013","G","A","Benign/Likely benign","TCF4"
"19","1397348","C","T","Benign/Likely benign","GAMT"
"15","40418277","C","T","Benign/Likely benign","IVD"
"2","178747784","C","T","Benign/Likely benign","TTN"
"4","185506619","C","T","Benign/Likely benign","PDLIM3"
"3","38550570","C","T","Benign/Likely benign","SCN5A"
"3","38551437","G","A","Benign/Likely benign","SCN5A"
"1","237660878","T","C","Benign/Likely benign","RYR2"
"7","150951812","G","A","Benign/Likely benign","KCNH2"
"7","150958417","C","T","Benign/Likely benign","KCNH2"
"6","7568514","G","A","Benign/Likely benign","DSP"
"2","188993348","G","A","Benign/Likely benign","COL3A1"
"2","188984794","C","G","Benign/Likely benign","COL3A1"
"14","64186428","T","C","Benign/Likely benign","SYNE2"
"1","186152864","C","T","Benign/Likely benign","HMCN1"
"1","186152863","A","T","Benign/Likely benign","HMCN1"
"10","49648597","C","T","Benign/Likely benign","CHAT"
"2","237372138","T","G","Benign/Likely benign","COL6A3"
"11","46896261","G","A","Benign/Likely benign","LRP4"
"20","62822155","C","T","Benign/Likely benign","COL9A3"
"17","7455278","C","G","Benign/Likely benign","CHRNB1"
"2","110163152","G","A","Benign/Likely benign","NPHP1"
"18","23554808","C","T","Benign/Likely benign","NPC1"
"1","236824212","C","T","Benign/Likely benign","MTR"
"5","179154150","C","T","Benign/Likely benign","ADAMTS2"
"2","120975035","G","A","Benign/Likely benign","GLI2"
"X","18941651","A","C","Benign/Likely benign","PHKA2"
"3","119390922","C","T","Benign/Likely benign","ARHGAP31"
"7","37862025","T","C","Benign/Likely benign","NME8"
"2","96298965","C","T","Benign/Likely benign","SNRNP200"
"14","64098818","C","T","Benign/Likely benign","SYNE2"
"4","55959705","T","C","Benign/Likely benign","CEP135"
"12","114674702","G","C","Benign/Likely benign","TBX3"
"7","148828887","G","A","Benign/Likely benign","EZH2"
"22","41131380","T","C","Benign/Likely benign","EP300"
"16","88836235","C","T","Benign/Likely benign","GALNS"
"Y","644627","G","A","Benign/Likely benign","SHOX"
"5","13776457","A","G","Benign/Likely benign","DNAH5"
"12","47974302","C","T","Benign/Likely benign","COL2A1"
"15","91013804","G","A","Benign/Likely benign","VPS33B"
"16","49635885","C","T","Benign/Likely benign","ZNF423"
"16","49637190","C","T","Benign/Likely benign","ZNF423"
"2","32114629","C","T","Benign/Likely benign","SPAST"
"14","74480292","A","C","Benign/Likely benign","NPC2"
"19","12663719","C","T","Benign/Likely benign","MAN2B1"
"14","64031298","G","A","Benign/Likely benign","SYNE2"
"2","189051464","G","A","Benign/Likely benign","COL5A2"
"2","237336355","G","A","Benign/Likely benign","COL6A3"
"4","109870258","G","A","Benign/Likely benign","LRIT3"
"11","68042830","C","T","Benign/Likely benign","TCIRG1"
"2","237388119","G","A","Benign/Likely benign","COL6A3"
"18","62354434","C","T","Benign/Likely benign","TNFRSF11A"
"3","55474433","C","T","Benign/Likely benign","WNT5A"
"4","99583409","G","C","Benign/Likely benign","MTTP"
"1","53210185","C","T","Benign/Likely benign","CPT2"
"12","120737418","G","A","Benign/Likely benign","ACADS"
"16","30739484","T","C","Benign/Likely benign","SRCAP"
"7","128851270","C","T","Benign/Likely benign","FLNC"
"12","49040724","C","T","Benign/Likely benign","KMT2D"
"22","41178440","C","T","Benign/Likely benign","EP300"
"17","1683704","C","T","Benign/Likely benign","PRPF8"
"8","54622111","T","C","Benign/Likely benign","RP1"
"5","177992966","G","A","Benign/Likely benign","PROP1"
"3","49531110","C","G","Benign/Likely benign","DAG1"
"8","144474553","T","C","Benign/Likely benign","FOXH1"
"19","35907512","G","T","Benign/Likely benign","TYROBP"
"15","31070076","T","C","Benign/Likely benign","TRPM1"
"21","45984365","C","T","Benign/Likely benign","COL6A1"
"11","61393958","G","T","Benign/Likely benign","TMEM216"
"9","101429747","C","G","Benign/Likely benign","ALDOB"
"12","49041920","C","T","Benign/Likely benign","KMT2D"
"2","96286863","C","T","Benign/Likely benign","SNRNP200"
"4","78379745","T","C","Benign/Likely benign","FRAS1"
"7","103593882","A","C","Benign/Likely benign","RELN"
"9","135784585","G","A","Benign/Likely benign","KCNT1"
"X","45089872","T","C","Benign/Likely benign","KDM6A"
"10","99836218","G","T","Benign/Likely benign","ABCC2"
"12","1854008","C","T","Benign/Likely benign","CACNA2D4"
"6","135358133","C","T","Benign/Likely benign","AHI1"
"X","68063956","C","T","Benign/Likely benign","OPHN1"
"11","22274720","C","T","Benign/Likely benign","ANO5"
"9","137813149","G","A","Benign/Likely benign","EHMT1"
"4","109851952","C","T","Benign/Likely benign","LRIT3"
"4","109851718","C","G","Benign/Likely benign","LRIT3"
"X","155260902","A","G","Benign/Likely benign","RAB39B"
"19","49818601","G","A","Benign/Likely benign","MED25"
"X","46853633","C","T","Benign/Likely benign","RP2"
"3","33120430","A","G","Benign/Likely benign","CRTAP"
"9","32550914","C","T","Benign/Likely benign","TOPORS"
"9","32550898","C","G","Benign/Likely benign","TOPORS"
"16","88431891","C","T","Benign/Likely benign","ZNF469"
"16","88438445","G","A","Benign/Likely benign","ZNF469"
"11","62614479","T","C","Benign/Likely benign","ROM1"
"12","114403785","C","T","Benign/Likely benign","TBX5"
"15","42384492","G","A","Benign/Likely benign","CAPN3"
"3","4670726","T","C","Benign/Likely benign","ITPR1"
"2","165127774","G","A","Benign/Likely benign","SCN3A"
"14","50909960","T","C","Benign/Likely benign","PYGL"
"7","37894471","A","C","Benign/Likely benign","NME8"
"11","66700817","G","A","Benign/Likely benign","SPTBN2"
"15","27957620","C","T","Benign/Likely benign","OCA2"
"19","7645248","C","T","Benign/Likely benign","STXBP2"
"2","168970063","G","T","Benign/Likely benign","ABCB11"
"16","57940336","C","T","Benign/Likely benign","CNGB1"
"9","14823223","C","A","Benign/Likely benign","FREM1"
"19","53900671","T","C","Benign/Likely benign","PRKCG"
"5","38493772","A","G","Benign/Likely benign","LIFR"
"2","110146839","C","T","Benign/Likely benign","NPHP1"
"2","120990246","G","A","Benign/Likely benign","GLI2"
"2","120990247","C","T","Benign/Likely benign","GLI2"
"2","120988932","C","T","Benign/Likely benign","GLI2"
"2","120989504","G","A","Benign/Likely benign","GLI2"
"15","98924602","C","T","Benign/Likely benign","IGF1R"
"18","23544371","C","T","Benign/Likely benign","NPC1"
"18","23544401","G","A","Benign/Likely benign","NPC1"
"3","149183620","G","T","Benign/Likely benign","CP"
"1","16997010","G","A","Benign/Likely benign","ATP13A2"
"X","41609982","G","A","Benign/Likely benign","CASK"
"12","110645014","G","C","Benign/Likely benign","TCTN1"
"5","172346270","T","C","Benign/Likely benign","SH3PXD2B"
"5","172346269","C","T","Benign/Likely benign","SH3PXD2B"
"2","232535158","G","A","Benign/Likely benign","CHRND"
"12","6064349","C","T","Benign/Likely benign","VWF"
"14","64224488","G","A","Benign/Likely benign","SYNE2"
"14","64223195","G","A","Benign/Likely benign","SYNE2"
"15","89642262","G","C","Benign/Likely benign","KIF7"
"2","151710498","A","G","Benign/Likely benign","NEB"
"22","41146749","A","G","Benign/Likely benign","EP300"
"17","38331177","G","A","Benign/Likely benign","GPR179"
"17","38327964","C","G","Benign/Likely benign","GPR179"
"19","7642425","C","T","Benign/Likely benign","STXBP2"
"X","21992677","A","C","Benign/Likely benign","SMS"
"8","144514433","C","T","Benign/Likely benign","RECQL4"
"16","1456129","G","A","Benign/Likely benign","CLCN7"
"17","7222854","A","G","Benign/Likely benign","ACADVL"
"12","120739453","G","A","Benign/Likely benign","ACADS"
"13","38687647","C","A","Benign/Likely benign","FREM2"
"9","99221811","C","G","Benign/Likely benign","ALG2"
"10","101694645","T","A","Benign/Likely benign","FBXW4"
"10","101694634","G","C","Benign/Likely benign","FBXW4"
"10","101694572","C","G","Benign/Likely benign","FBXW4"
"15","23644726","C","G","Benign/Likely benign","MAGEL2"
"9","136202959","G","A","Benign/Likely benign","LHX3"
"6","108074431","C","G","Benign/Likely benign","OSTM1"
"2","44942629","G","A","Benign/Likely benign","SIX3"
"12","102958367","A","G","Benign/Likely benign","ASCL1"
"10","47349321","G","A","Benign/Likely benign","RBP3"
"16","88428613","C","A","Benign/Likely benign","ZNF469"
"2","29072150","T","C","Benign/Likely benign","C2orf71"
"2","29070580","T","C","Benign/Likely benign","C2orf71"
"12","14885769","C","T","Benign/Likely benign","MGP"
"7","44065314","C","T","Benign/Likely benign","PGAM2"
"1","23868298","T","C","Benign/Likely benign","FUCA1"
"21","34370832","G","A","Benign/Likely benign","KCNE2"
"10","87933119","A","C","Benign/Likely benign","PTEN"
"2","47403258","T","C","Benign/Likely benign","MSH2"
"7","5987523","C","T","Benign/Likely benign","PMS2"
"2","47791059","A","C","Benign/Likely benign","MSH6"
"16","2088583","G","A","Benign/Likely benign","TSC2"
"8","89953280","C","A","Benign/Likely benign","NBN"
"13","32326609","C","A","Benign/Likely benign","BRCA2"
"17","61716043","C","T","Benign/Likely benign","BRIP1"
"17","31334908","G","A","Benign/Likely benign","NF1"
"7","116731730","C","T","Benign/Likely benign","MET"
"13","32398377","A","G","Benign/Likely benign","BRCA2"
"10","43109164","G","A","Benign/Likely benign","RET"
"12","57751255","A","G","Benign/Likely benign","CDK4"
"10","43100610","G","A","Benign/Likely benign","RET"
"16","68815553","C","T","Benign/Likely benign","CDH1"
"17","31350271","T","C","Benign/Likely benign","NF1"
"5","112839557","C","T","Benign/Likely benign","APC"
"19","1226629","G","A","Benign/Likely benign","STK11"
"16","68833487","C","T","Benign/Likely benign","CDH1"
"2","47783335","C","A","Benign/Likely benign","MSH6"
"10","86923428","G","C","Benign/Likely benign","BMPR1A"
"17","7676281","C","T","Benign/Likely benign","TP53"
"19","1226602","C","T","Benign/Likely benign","STK11"
"19","1222012","C","T","Benign/Likely benign","STK11"
"19","1220679","C","T","Benign/Likely benign","STK11"
"4","168497202","A","G","Benign/Likely benign","PALLD"
"16","23608020","G","A","Benign/Likely benign","PALB2"
"16","23626377","C","A","Benign/Likely benign","PALB2"
"2","47804900","T","A","Benign/Likely benign","MSH6"
"2","47803511","C","T","Benign/Likely benign","MSH6"
"2","47800923","A","G","Benign/Likely benign","MSH6"
"9","95150078","C","T","Benign/Likely benign","FANCC"
"9","95150091","A","G","Benign/Likely benign","FANCC"
"22","28689222","C","G","Benign/Likely benign","CHEK2"
"22","28695252","C","G","Benign/Likely benign","CHEK2"
"16","68828159","C","A","Benign/Likely benign","CDH1"
"16","68823553","G","A","Benign/Likely benign","CDH1"
"17","61776393","A","C","Benign/Likely benign","BRIP1"
"17","61683977","C","T","Benign/Likely benign","BRIP1"
"13","32398350","A","G","Benign/Likely benign","BRCA2"
"13","32363549","C","G","Benign/Likely benign","BRCA2"
"13","32354990","A","G","Benign/Likely benign","BRCA2"
"13","32341207","A","G","Benign/Likely benign","BRCA2"
"13","32341030","A","G","Benign/Likely benign","BRCA2"
"13","32340055","A","G","Benign/Likely benign","BRCA2"
"13","32336956","T","G","Benign/Likely benign","BRCA2"
"13","32326516","A","G","Benign/Likely benign","BRCA2"
"17","43047698","C","T","Benign/Likely benign","BRCA1"
"17","43076553","T","A","Benign/Likely benign","BRCA1"
"17","43091814","T","A","Benign/Likely benign","BRCA1"
"17","43104105","T","C","Benign/Likely benign","BRCA1"
"17","43104881","C","T","Benign/Likely benign","BRCA1"
"2","214781091","A","G","Benign/Likely benign","BARD1"
"17","65549648","G","A","Benign/Likely benign","AXIN2"
"17","65530075","G","A","Benign/Likely benign","AXIN2"
"11","108297391","C","T","Benign/Likely benign","ATM"
"11","108253868","A","G","Benign/Likely benign","ATM"
"5","112821887","A","G","Benign/Likely benign","APC"
"18","23539875","G","A","Benign/Likely benign","NPC1"
"4","6295153","G","A","Benign/Likely benign","WFS1"
"2","178785938","C","T","Benign/Likely benign","TTN"
"11","1255237","A","G","Benign/Likely benign","MUC5B"
"10","54022983","T","C","Benign/Likely benign","PCDH15"
"12","65463250","G","A","Benign/Likely benign","MSRB3"
"22","37715890","C","T","Benign/Likely benign","TRIOBP"
"5","90807708","G","C","Benign/Likely benign","ADGRV1"
"16","21261327","T","C","Benign/Likely benign","CRYM"
"2","178799714","T","C","Benign/Likely benign","TTN"
"3","14129444","C","A","Benign/Likely benign","TMEM43"
"1","237374703","T","C","Benign/Likely benign","RYR2"
"11","47333248","C","T","Benign/Likely benign","MYBPC3"
"6","112120268","G","A","Benign/Likely benign","LAMA4"
"6","112109459","T","C","Benign/Likely benign","LAMA4"
"9","32542280","A","G","Benign/Likely benign","TOPORS"
"9","127668196","C","A","Benign/Likely benign","STXBP1"
"7","33095271","A","G","Benign/Likely benign","RP9"
"8","54626497","G","A","Benign/Likely benign","RP1"
"5","41850114","G","T","Benign/Likely benign","OXCT1"
"14","24081239","C","G","Benign/Likely benign","NRL"
"2","112028780","G","A","Benign/Likely benign","MERTK"
"6","79518818","A","C","Benign/Likely benign","LCA5"
"6","79487131","G","A","Benign/Likely benign","LCA5"
"7","23173008","A","G","Benign/Likely benign","KLHL7"
"9","2718351","G","A","Benign/Likely benign","KCNV2"
"8","43199501","G","A","Benign/Likely benign","HGSNAT"
"17","80117668","C","T","Benign/Likely benign","GAA"
"X","154349354","A","G","Benign/Likely benign","FLNA"
"15","80186158","C","T","Benign/Likely benign","FAH"
"2","27364705","A","C","Benign/Likely benign","EIF2B4"
"2","237336365","C","T","Benign/Likely benign","COL6A3"
"13","39687612","C","T","Benign/Likely benign","COG6"
"16","57903884","A","G","Benign/Likely benign","CNGB1"
"X","32518101","C","T","Benign/Likely benign","DMD"
"15","42392677","C","T","Benign/Likely benign","CAPN3"
"15","42386282","C","T","Benign/Likely benign","CAPN3"
"12","1856192","C","G","Benign/Likely benign","CACNA2D4"
"12","1854010","C","T","Benign/Likely benign","CACNA2D4"
"X","49219318","G","A","Benign/Likely benign","CACNA1F"
"11","67455615","C","T","Benign/Likely benign","CABP4"
"X","148662223","C","T","Benign/Likely benign","AFF2"
"11","108121592","C","G","Benign/Likely benign","ACAT1"
"X","153743516","C","T","Benign/Likely benign","ABCD1"
"4","6301286","C","T","Benign/Likely benign","WFS1"
"2","178802277","C","T","Benign/Likely benign","TTN"
"2","178751480","T","C","Benign/Likely benign","TTN"
"2","178748186","C","T","Benign/Likely benign","TTN"
"2","178735502","C","T","Benign/Likely benign","TTN"
"9","69221242","G","A","Benign/Likely benign","TJP2"
"7","103389401","T","C","Benign/Likely benign","SLC26A5"
"3","38620968","C","T","Benign/Likely benign","SCN5A"
"5","90697079","G","A","Benign/Likely benign","ADGRV1"
"5","90629222","A","C","Benign/Likely benign","ADGRV1"
"1","34785075","C","A","Benign/Likely benign","GJB3"
"6","3225759","C","T","Benign/Likely benign","TUBB2B"
"9","128577400","C","T","Benign/Likely benign","SPTAN1"
"21","46436047","G","A","Benign/Likely benign","PCNT"
"21","46418239","T","G","Benign/Likely benign","PCNT"
"5","177135863","C","T","Benign/Likely benign","NSD1"
"15","23647360","T","C","Benign/Likely benign","MAGEL2"
"15","23644592","C","A","Benign/Likely benign","MAGEL2"
"8","60865729","C","T","Benign/Likely benign","CHD7"
"1","197102476","T","C","Benign/Likely benign","ASPM"
"19","1219423","C","T","Benign/Likely benign","STK11"
"5","112840868","T","A","Benign/Likely benign","APC"
"17","58709841","T","C","Benign/Likely benign","RAD51C"
"17","31232069","T","C","Benign/Likely benign","NF1"
"13","32355041","G","T","Benign/Likely benign","BRCA2"
"9","21974829","G","A","Benign/Likely benign","CDKN2A"
"11","94470486","C","G","Benign/Likely benign","MRE11A"
"2","214781101","T","C","Benign/Likely benign","BARD1"
"8","89943355","T","G","Benign/Likely benign","NBN"
"18","55228040","C","T","Benign/Likely benign","TCF4"
"18","55261520","C","T","Benign/Likely benign","TCF4"
"18","55403532","G","A","Benign/Likely benign","TCF4"
"16","2496118","T","C","Benign/Likely benign","TBC1D24"
"9","133352593","G","C","Benign/Likely benign","SURF1"
"9","133352709","C","G","Benign/Likely benign","SURF1"
"9","133354702","T","C","Benign/Likely benign","SURF1"
"13","47988565","A","G","Benign/Likely benign","SUCLA2"
"9","127682520","C","T","Benign/Likely benign","STXBP1"
"9","127676768","C","T","Benign/Likely benign","STXBP1"
"19","1226673","G","A","Benign/Likely benign","STK11"
"19","1222975","G","A","Benign/Likely benign","STK11"
"19","1221968","G","A","Benign/Likely benign","STK11"
"19","1220737","G","A","Benign/Likely benign","STK11"
"19","1220513","C","T","Benign/Likely benign","STK11"
"19","1219317","G","A","Benign/Likely benign","STK11"
"17","42325046","G","C","Benign/Likely benign","STAT3"
"9","128626660","C","A","Benign/Likely benign","SPTAN1"
"9","128605163","G","A","Benign/Likely benign","SPTAN1"
"9","128588817","G","A","Benign/Likely benign","SPTAN1"
"9","128583939","C","A","Benign/Likely benign","SPTAN1"
"9","128582780","C","T","Benign/Likely benign","SPTAN1"
"9","128576817","G","A","Benign/Likely benign","SPTAN1"
"5","148107109","C","T","Benign/Likely benign","SPINK5"
"5","148086438","G","A","Benign/Likely benign","SPINK5"
"16","89553778","C","G","Benign/Likely benign","SPG7"
"2","39067612","T","C","Benign/Likely benign","SOS1"
"20","33443455","C","T","Benign/Likely benign","SNTA1"
"20","46709710","C","T","Benign/Likely benign","SLC2A10"
"11","791898","A","C","Benign/Likely benign","SLC25A22"
"11","792645","C","T","Benign/Likely benign","SLC25A22"
"11","796050","C","T","Benign/Likely benign","SLC25A22"
"13","40805136","C","T","Benign/Likely benign","SLC25A15"
"13","40799118","G","A","Benign/Likely benign","SLC25A15"
"10","111009265","C","T","Benign/Likely benign","SHOC2"
"10","110985612","G","T","Benign/Likely benign","SHOC2"
"12","51794652","T","C","Benign/Likely benign","SCN8A"
"12","51699800","C","T","Benign/Likely benign","SCN8A"
"3","38551005","C","T","Benign/Likely benign","SCN5A"
"3","38556576","T","C","Benign/Likely benign","SCN5A"
"3","38598940","C","T","Benign/Likely benign","SCN5A"
"3","38604768","G","A","Benign/Likely benign","SCN5A"
"3","38606759","C","T","Benign/Likely benign","SCN5A"
"3","38606801","G","A","Benign/Likely benign","SCN5A"
"11","123642501","G","A","Benign/Likely benign","SCN3B"
"19","35039256","T","C","Benign/Likely benign","SCN1B"
"2","166009773","G","A","Benign/Likely benign","SCN1A|LOC102724058"
"11","9998332","C","T","Benign/Likely benign","SBF2"
"19","38930634","A","G","Benign/Likely benign","SARS2"
"1","237566724","G","A","Benign/Likely benign","RYR2"
"7","103572170","T","C","Benign/Likely benign","RELN"
"3","128806410","C","T","Benign/Likely benign","RAB7A"
"3","128726339","G","T","Benign/Likely benign","RAB7A"
"12","131932268","G","A","Benign/Likely benign","PUS1"
"12","131932235","C","A","Benign/Likely benign","PUS1"
"12","112504777","A","G","Benign/Likely benign","PTPN11"
"12","112486649","C","T","Benign/Likely benign","PTPN11"
"15","77032931","C","T","Benign/Likely benign","PSTPIP1"
"15","77032393","C","T","Benign/Likely benign","PSTPIP1"
"15","77025614","G","A","Benign/Likely benign","PSTPIP1"
"20","5302670","C","G","Benign/Likely benign","PROKR2"
"15","89330084","C","T","Benign/Likely benign","POLG"
"15","89318729","T","C","Benign/Likely benign","POLG"
"15","89318768","G","A","Benign/Likely benign","POLG"
"17","47946004","G","A","Benign/Likely benign","PNPO"
"14","20472467","C","T","Benign/Likely benign","PNP"
"14","20472356","C","T","Benign/Likely benign","PNP"
"19","49861257","C","T","Benign/Likely benign","PNKP"
"10","26702207","A","G","Benign/Likely benign","PDSS1"
"11","34957572","C","T","Benign/Likely benign","PDHX"
"11","34957548","C","T","Benign/Likely benign","PDHX"
"11","34957479","C","T","Benign/Likely benign","PDHX"
"11","34947603","C","T","Benign/Likely benign","PDHX"
"11","34931487","G","A","Benign/Likely benign","PDHX"
"5","149863225","C","T","Benign/Likely benign","PDE6A"
"5","149866191","T","C","Benign/Likely benign","PDE6A"
"5","149886312","C","T","Benign/Likely benign","PDE6A"
"21","46324213","G","T","Benign/Likely benign","PCNT"
"11","66850358","C","T","Benign/Likely benign","PC"
"11","66850932","T","G","Benign/Likely benign","PC"
"16","23629991","A","C","Benign/Likely benign","PALB2"
"3","193667270","G","A","Benign/Likely benign","OPA1"
"3","193667177","A","G","Benign/Likely benign","OPA1"
"1","156880004","A","G","Benign/Likely benign","NTRK1"
"7","144410186","T","C","Benign/Likely benign","NOBOX"
"2","69437352","C","T","Benign/Likely benign","NFU1"
"2","69415258","T","C","Benign/Likely benign","NFU1"
"2","69423598","C","T","Benign/Likely benign","NFU1"
"20","31819410","T","C","Benign/Likely benign","MYLK2"
"14","23424762","C","T","Benign/Likely benign","MYH7"
"16","15757890","C","T","Benign/Likely benign","MYH11"
"16","15838241","G","A","Benign/Likely benign","MYH11"
"16","15745112","A","G","Benign/Likely benign","MYH11"
"11","47333239","G","A","Benign/Likely benign","MYBPC3"
"5","7878311","T","A","Benign/Likely benign","MTRR"
"5","7891393","C","G","Benign/Likely benign","MTRR"
"5","7889191","C","T","Benign/Likely benign","MTRR"
"5","7889103","G","A","Benign/Likely benign","MTRR"
"1","236808698","C","T","Benign/Likely benign","MTR"
"11","95923862","C","T","Benign/Likely benign","MTMR2"
"2","47799159","T","C","Benign/Likely benign","MSH6"
"1","45509104","C","T","Benign/Likely benign","MMACHC"
"4","145639084","A","G","Benign/Likely benign","MMAA"
"16","83908216","G","A","Benign/Likely benign","MLYCD"
"16","83899175","A","G","Benign/Likely benign","MLYCD"
"16","83912269","A","G","Benign/Likely benign","MLYCD"
"3","37011853","A","G","Benign/Likely benign","MLH1"
"5","88730246","G","A","Benign/Likely benign","MEF2C"
"2","71124273","G","T","Benign/Likely benign","MCEE"
"2","148469539","A","G","Benign/Likely benign","MBD5"
"19","4101034","G","A","Benign/Likely benign","MAP2K2"
"19","4101292","G","A","Benign/Likely benign","MAP2K2"
"15","66387416","C","T","Benign/Likely benign","MAP2K1"
"2","43995907","C","G","Benign/Likely benign","LRPPRC"
"2","43943866","A","G","Benign/Likely benign","LRPPRC"
"2","43948154","C","T","Benign/Likely benign","LRPPRC"
"18","2922036","G","A","Benign/Likely benign","LPIN2"
"10","86699302","C","T","Benign/Likely benign","LDB3"
"X","120439280","G","A","Benign/Likely benign","LAMP2"
"6","112201655","T","A","Benign/Likely benign","LAMA4"
"12","25250766","C","T","Benign/Likely benign","KRAS"
"12","25250787","G","A","Benign/Likely benign","KRAS"
"12","25209925","T","C","Benign/Likely benign","KRAS"
"20","63472383","G","A","Benign/Likely benign","KCNQ2"
"20","63472474","C","T","Benign/Likely benign","KCNQ2"
"20","63406734","C","T","Benign/Likely benign","KCNQ2"
"20","63414970","C","T","Benign/Likely benign","KCNQ2"
"20","63415009","C","T","Benign/Likely benign","KCNQ2"
"20","63439637","C","T","Benign/Likely benign","KCNQ2"
"20","63442468","T","C","Benign/Likely benign","KCNQ2"
"17","70176104","T","G","Benign/Likely benign","KCNJ2"
"17","70175213","C","T","Benign/Likely benign","KCNJ2"
"11","74457235","C","T","Benign/Likely benign","KCNE3"
"17","46033429","G","A","Benign/Likely benign","KANSL1"
"17","46034199","C","T","Benign/Likely benign","KANSL1"
"17","46038598","C","T","Benign/Likely benign","KANSL1"
"17","41757430","G","A","Benign/Likely benign","JUP"
"2","144424778","C","T","Benign/Likely benign","ZEB2"
"2","144396506","C","T","Benign/Likely benign","ZEB2"
"2","144399347","C","T","Benign/Likely benign","ZEB2"
"4","6301847","G","A","Benign/Likely benign","WFS1"
"10","74111962","G","A","Benign/Likely benign","VCL"
"19","10361959","G","C","Benign/Likely benign","TYK2"
"19","10366530","C","T","Benign/Likely benign","TYK2"
"16","28845961","C","T","Benign/Likely benign","TUFM"
"2","178715167","C","T","Benign/Likely benign","TTN"
"2","178717665","T","C","Benign/Likely benign","TTN"
"2","178570394","A","G","Benign/Likely benign","TTN|TTN-AS1"
"17","16004254","G","A","Benign/Likely benign","TTC19"
"16","2082416","C","T","Benign/Likely benign","TSC2"
"16","2076055","C","T","Benign/Likely benign","TSC2"
"16","2048577","G","C","Benign/Likely benign","TSC2"
"22","46356932","C","T","Benign/Likely benign","TRMU"
"22","46353858","C","T","Benign/Likely benign","TRMU"
"22","46350364","C","T","Benign/Likely benign","TRMU"
"22","46350291","C","T","Benign/Likely benign","TRMU"
"22","46346508","G","A","Benign/Likely benign","TRMU"
"11","6616877","C","T","Benign/Likely benign","TPP1"
"8","73981217","A","G","Benign/Likely benign","TMEM70"
"16","66541869","C","T","Benign/Likely benign","TK2"
"16","66541965","G","A","Benign/Likely benign","TK2"
"15","43260174","G","A","Benign/Likely benign","TGM5"
"19","17843788","G","C","Benign/Likely benign","JAK3"
"5","35873503","G","A","Benign/Likely benign","IL7R"
"5","35873466","A","C","Benign/Likely benign","IL7R"
"5","35871171","C","T","Benign/Likely benign","IL7R"
"9","108933879","G","C","Benign/Likely benign","IKBKAP"
"2","197498705","C","T","Benign/Likely benign","HSPD1"
"2","197488500","C","T","Benign/Likely benign","HSPD1"
"2","197499767","C","T","Benign/Likely benign","HSPD1"
"21","36990147","G","T","Benign/Likely benign","HLCS"
"21","36756631","C","T","Benign/Likely benign","HLCS"
"2","26282877","G","A","Benign/Likely benign","HADHB"
"12","13616669","A","G","Benign/Likely benign","GRIN2B"
"12","13866223","G","A","Benign/Likely benign","GRIN2B"
"16","9764850","C","T","Benign/Likely benign","GRIN2A"
"16","9938066","C","T","Benign/Likely benign","GRIN2A"
"16","10181892","C","A","Benign/Likely benign","GRIN2A"
"3","158644624","C","T","Benign/Likely benign","GFM1"
"3","158644604","A","G","Benign/Likely benign","GFM1"
"3","158690243","G","A","Benign/Likely benign","GFM1"
"19","1399567","G","A","Benign/Likely benign","GAMT"
"5","128309228","C","T","Benign/Likely benign","FBN2"
"15","48437793","C","T","Benign/Likely benign","FBN1"
"9","95249320","A","C","Benign/Likely benign","FANCC"
"9","95149937","C","T","Benign/Likely benign","FANCC"
"6","65057741","C","T","Benign/Likely benign","EYS"
"6","65335034","A","G","Benign/Likely benign","EYS"
"6","65353620","C","T","Benign/Likely benign","EYS"
"6","65402516","T","C","Benign/Likely benign","EYS"
"6","64439292","A","T","Benign/Likely benign","EYS"
"6","64593207","A","G","Benign/Likely benign","EYS"
"4","158706865","C","T","Benign/Likely benign","ETFDH"
"4","158706693","T","C","Benign/Likely benign","ETFDH"
"6","79916739","G","C","Benign/Likely benign","ELOVL4"
"19","856015","G","A","Benign/Likely benign","ELANE"
"18","31536269","C","T","Benign/Likely benign","DSG2"
"9","449770","C","T","Benign/Likely benign","DOCK8"
"9","439352","A","G","Benign/Likely benign","DOCK8"
"12","32722520","C","T","Benign/Likely benign","DNM1L"
"11","112033436","C","T","Benign/Likely benign","DLAT"
"11","112028911","A","G","Benign/Likely benign","DLAT"
"11","112025518","G","A","Benign/Likely benign","DLAT"
"2","73926863","G","A","Benign/Likely benign","DGUOK"
"2","73946886","G","A","Benign/Likely benign","DGUOK"
"2","73938926","G","A","Benign/Likely benign","DGUOK"
"9","114426193","G","A","Benign/Likely benign","WHRN"
"1","173833373","T","C","Benign/Likely benign","DARS2"
"1","173834527","T","C","Benign/Likely benign","DARS2"
"11","1754015","C","T","Benign/Likely benign","CTSD"
"19","35651285","C","T","Benign/Likely benign","COX6B1"
"4","83284851","A","T","Benign/Likely benign","COQ2"
"4","83284851","A","C","Benign/Likely benign","COQ2"
"2","189179638","C","T","Benign/Likely benign","COL5A2"
"2","189179654","C","T","Benign/Likely benign","COL5A2"
"2","189110286","G","A","Benign/Likely benign","COL5A2"
"2","189110298","C","T","Benign/Likely benign","COL5A2"
"2","189039360","T","C","Benign/Likely benign","COL5A2"
"9","134642151","G","A","Benign/Likely benign","COL5A1"
"9","134691054","C","T","Benign/Likely benign","COL5A1"
"9","134818892","C","T","Benign/Likely benign","COL5A1"
"9","134815626","C","T","Benign/Likely benign","COL5A1"
"9","134814056","G","A","Benign/Likely benign","COL5A1"
"9","134803007","G","C","Benign/Likely benign","COL5A1"
"13","77000597","G","A","Benign/Likely benign","CLN5|FBXL3"
"8","27471103","C","A","Benign/Likely benign","CHRNA2"
"8","27463513","C","T","Benign/Likely benign","CHRNA2"
"8","27467353","C","A","Benign/Likely benign","CHRNA2"
"22","28703583","T","C","Benign/Likely benign","CHEK2"
"22","28725041","G","C","Benign/Likely benign","CHEK2"
"16","68811668","C","G","Benign/Likely benign","CDH1"
"11","118312730","T","C","Benign/Likely benign","CD3E"
"4","15511227","T","G","Benign/Likely benign","CC2D2A"
"11","119285176","C","T","Benign/Likely benign","CBL"
"11","119278569","C","T","Benign/Likely benign","CBL"
"1","115705270","C","A","Benign/Likely benign","CASQ2"
"12","2504550","C","T","Benign/Likely benign","CACNA1C"
"17","61743082","T","C","Benign/Likely benign","BRIP1"
"13","32354903","C","T","Benign/Likely benign","BRCA2"
"13","32346849","G","A","Benign/Likely benign","BRCA2"
"13","32316546","T","C","Benign/Likely benign","BRCA2"
"17","43071147","T","G","Benign/Likely benign","BRCA1"
"17","43091829","A","G","Benign/Likely benign","BRCA1"
"17","65536409","G","A","Benign/Likely benign","AXIN2"
"17","65537731","G","A","Benign/Likely benign","AXIN2"
"9","91361813","G","A","Benign/Likely benign","AUH"
"17","18038979","G","A","Benign/Likely benign","ATPAF2"
"17","18018681","G","A","Benign/Likely benign","ATPAF2"
"11","108280980","T","A","Benign/Likely benign","ATM"
"10","90918987","T","A","Benign/Likely benign","ANKRD1"
"4","113196442","G","A","Benign/Likely benign","ANK2"
"5","126568374","G","A","Benign/Likely benign","ALDH7A1"
"X","55015579","T","G","Benign/Likely benign","ALAS2"
"X","55015654","G","A","Benign/Likely benign","ALAS2"
"X","55017680","C","T","Benign/Likely benign","ALAS2"
"18","12377114","C","T","Benign/Likely benign","AFG3L2"
"18","12358662","G","A","Benign/Likely benign","AFG3L2"
"1","236751517","G","A","Benign/Likely benign","ACTN2"
"1","236720184","G","A","Benign/Likely benign","ACTN2"
"3","128909044","G","A","Benign/Likely benign","ACAD9"
"3","128899440","T","C","Benign/Likely benign","ACAD9"
"X","75073783","C","T","Benign/Likely benign","ABCB7"
"X","75073874","G","A","Benign/Likely benign","ABCB7"
"6","44304546","T","C","Benign/Likely benign","AARS2"
"6","44310332","C","A","Benign/Likely benign","AARS2"
"6","44312087","G","A","Benign/Likely benign","AARS2"
"6","44302110","A","G","Benign/Likely benign","AARS2"
"6","44302438","G","A","Benign/Likely benign","AARS2"
"6","44302452","T","A","Benign/Likely benign","AARS2"
"6","44303133","G","A","Benign/Likely benign","AARS2"
"10","43109125","G","A","Benign/Likely benign","RET"
"2","47373545","A","C","Benign/Likely benign","EPCAM"
"4","168878286","G","A","Benign/Likely benign","PALLD"
"11","108272604","T","C","Benign/Likely benign","ATM"
"5","112767227","C","T","Benign/Likely benign","APC"
"5","112827934","G","A","Benign/Likely benign","APC"
"1","45331858","C","T","Benign/Likely benign","MUTYH"
"7","103565332","C","T","Benign/Likely benign","RELN"
"7","78194930","G","A","Benign/Likely benign","MAGI2"
"X","53234278","G","A","Benign/Likely benign","IQSEC2"
"6","52420435","T","C","Benign/Likely benign","EFHC1"
"6","52469350","C","T","Benign/Likely benign","EFHC1"
"2","47369510","C","T","Benign/Likely benign","EPCAM"
"2","144398932","C","T","Benign/Likely benign","ZEB2"
"2","144399339","T","G","Benign/Likely benign","ZEB2"
"X","32362931","C","T","Benign/Likely benign","DMD"
"X","32595846","G","C","Benign/Likely benign","DMD"
"X","100407943","C","T","Benign/Likely benign","PCDH19"
"17","35577267","C","T","Benign/Likely benign","PEX12"
"19","4123843","G","A","Benign/Likely benign","MAP2K2"
"1","215999034","T","G","Benign/Likely benign","USH2A"
"1","215648593","G","A","Benign/Likely benign","USH2A"
"2","26472659","A","C","Benign/Likely benign","OTOF"
"17","74920270","G","A","Benign/Likely benign","USH1G"
"2","178740999","C","G","Benign/Likely benign","TTN"
"2","178751483","C","T","Benign/Likely benign","TTN"
"2","178751752","C","T","Benign/Likely benign","TTN"
"2","178776041","A","G","Benign/Likely benign","TTN"
"2","178641287","A","G","Benign/Likely benign","TTN"
"2","178688666","G","A","Benign/Likely benign","TTN"
"2","178702443","T","G","Benign/Likely benign","TTN"
"2","178786067","C","T","Benign/Likely benign","TTN"
"2","178759099","A","G","Benign/Likely benign","TTN"
"10","53822312","C","T","Benign/Likely benign","PCDH15"
"10","54369251","G","A","Benign/Likely benign","PCDH15"
"18","34875229","G","T","Benign/Likely benign","DTNA"
"5","90622606","A","G","Benign/Likely benign","ADGRV1"
"5","91153342","T","G","Benign/Likely benign","ADGRV1"
"19","4117476","C","T","Benign/Likely benign","MAP2K2"
"18","31068105","C","T","Benign/Likely benign","DSC2"
"17","41755804","C","T","Benign/Likely benign","JUP"
"17","41763334","C","A","Benign/Likely benign","JUP"
"7","151560621","G","A","Benign/Likely benign","PRKAG2"
"10","90919283","G","A","Benign/Likely benign","ANKRD1"
"10","74070796","G","A","Benign/Likely benign","VCL"
"10","74095738","C","T","Benign/Likely benign","VCL"
"10","20889960","C","A","Benign/Likely benign","NEBL"
"10","20896943","T","G","Benign/Likely benign","NEBL"
"12","21863030","T","C","Benign/Likely benign","ABCC9"
"11","121127811","G","A","Benign/Likely benign","TECTA"
"6","75886870","C","T","Benign/Likely benign","MYO6"
"9","69251027","C","T","Benign/Likely benign","TJP2"
"12","32896537","C","T","Benign/Likely benign","PKP2"
"6","7563750","G","A","Benign/Likely benign","DSP"
"6","7567912","G","T","Benign/Likely benign","DSP"
"18","31538974","G","C","Benign/Likely benign","DSG2"
"18","31538739","C","T","Benign/Likely benign","DSG2"
"1","237614129","T","C","Benign/Likely benign","RYR2"
"1","237330940","G","A","Benign/Likely benign","RYR2"
"1","237456671","T","C","Benign/Likely benign","RYR2"
"7","107710103","T","G","Benign/Likely benign","SLC26A4"
"12","110913257","G","A","Benign/Likely benign","MYL2"
"12","110919164","G","A","Benign/Likely benign","MYL2"
"19","55157584","G","A","Benign/Likely benign","TNNI3"
"3","46858475","C","A","Benign/Likely benign","MYL3"
"14","23418374","G","A","Benign/Likely benign","MYH7"
"14","23433168","C","T","Benign/Likely benign","MYH7"
"11","47346364","G","C","Benign/Likely benign","MYBPC3"
"11","47337506","G","T","Benign/Likely benign","MYBPC3"
"12","112453348","C","T","Benign/Likely benign","PTPN11"
"17","42323365","C","G","Benign/Likely benign","STAT3"
"7","30969977","T","G","Benign/Likely benign","GHRHR"
"7","30969961","G","T","Benign/Likely benign","GHRHR"
"4","113335976","A","G","Benign/Likely benign","ANK2"
"1","173833470","A","G","Benign/Likely benign","DARS2"
"2","43844604","A","G","Benign","ABCG8"
"20","46014194","A","C","Benign","MMP9|LOC100128028"
"20","46013767","G","C","Benign","MMP9|LOC100128028"
"16","51141413","C","T","Benign","SALL1"
"13","38859469","A","G","Benign","FREM2"
"13","38856177","C","T","Benign","FREM2"
"13","38687920","G","A","Benign","FREM2"
"11","2167008","G","A","Benign","TH"
"17","75840081","G","C","Benign","UNC13D"
"17","75828040","A","G","Benign","UNC13D"
"17","75831124","A","G","Benign","UNC13D"
"5","139307373","T","A","Benign","MATR3"
"3","172447937","G","A","Benign","GHSR"
"3","172448243","C","T","Benign","GHSR"
"3","4467058","G","A","Benign","SUMF1"
"15","53716598","A","G","Benign","WDR72"
"15","53716648","A","G","Benign","WDR72"
"15","53702296","T","C","Benign","WDR72"
"17","28738193","T","C","Benign","NEK8"
"4","121828281","C","A","Benign","BBS7"
"2","215037050","G","A","Benign","ABCA12"
"2","214974846","G","A","Benign","ABCA12"
"2","214986579","T","C","Benign","ABCA12"
"2","215000851","A","G","Benign","ABCA12"
"2","215011442","T","A","Benign","ABCA12"
"2","215011647","A","G","Benign","ABCA12"
"12","1886237","A","G","Benign","CACNA2D4"
"12","1846620","C","T","Benign","CACNA2D4"
"12","1856203","C","T","Benign","CACNA2D4"
"12","1879001","A","G","Benign","CACNA2D4"
"22","37066886","C","T","Benign","TMPRSS6"
"22","37073551","C","T","Benign","TMPRSS6"
"22","37084757","G","A","Benign","TMPRSS6"
"11","124922731","C","T","Benign","HEPACAM"
"11","124923786","A","G","Benign","HEPACAM"
"11","124923820","C","T","Benign","HEPACAM"
"4","122743290","C","T","Benign","BBS12"
"4","122743092","G","A","Benign","BBS12"
"2","232336618","A","G","Benign","DIS3L2"
"1","170552235","G","A","Benign","GORAB"
"4","5689175","A","G","Benign","EVC2"
"4","5622803","A","G","Benign","EVC2"
"4","5622943","A","G","Benign","EVC2"
"4","5622977","T","C","Benign","EVC2"
"4","5625744","A","G","Benign","EVC2"
"1","236394471","G","A","Benign","EDARADD"
"9","14851619","A","G","Benign","FREM1"
"9","14737508","A","C","Benign","FREM1"
"9","14770660","C","A","Benign","FREM1"
"9","14775855","T","C","Benign","FREM1"
"9","14775861","C","T","Benign","FREM1"
"9","14801689","A","G","Benign","FREM1"
"9","14801712","G","T","Benign","FREM1"
"9","14806850","G","T","Benign","FREM1"
"9","14819372","C","A","Benign","FREM1"
"9","14846038","G","C","Benign","FREM1"
"19","53804068","C","T","Benign","NLRP12"
"19","53804068","C","A","Benign","NLRP12"
"19","53810453","C","G","Benign","NLRP12"
"19","53824059","G","T","Benign","NLRP12"
"19","53824186","C","T","Benign","NLRP12"
"5","111121006","A","T","Benign","WDR36"
"22","50061535","A","G","Benign","MLC1"
"9","133459117","C","A","Benign","ADAMTS13"
"15","42736394","C","T","Benign","CDAN1"
"15","42736428","C","T","Benign","CDAN1"
"15","42725228","A","C","Benign","CDAN1"
"15","42726361","G","A","Benign","CDAN1"
"15","42729365","C","T","Benign","CDAN1"
"15","42729788","C","T","Benign","CDAN1"
"17","44074735","G","A","Benign","G6PC3"
"9","2729686","C","G","Benign","KCNV2"
"18","59447971","A","G","Benign","CCBE1"
"3","123737480","C","T","Benign","MYLK"
"3","123739006","C","G","Benign","MYLK"
"3","129467081","G","A","Benign","IFT122"
"3","129483473","C","T","Benign","IFT122"
"10","84200639","A","G","Benign","CDHR1"
"10","84212287","A","G","Benign","CDHR1"
"15","72709694","G","A","Benign","BBS4"
"9","35089406","C","T","Benign","PIGO"
"9","35093023","A","G","Benign","PIGO"
"5","127410585","C","T","Benign","MEGF10"
"16","3606481","G","A","Benign","SLX4"
"16","3606556","C","T","Benign","SLX4"
"16","3589138","T","C","Benign","SLX4"
"16","3590273","C","T","Benign","SLX4"
"1","20637835","A","G","Benign","PINK1"
"11","85655718","A","G","Benign","TMEM126A"
"6","15662887","A","G","Benign","DTNBP1"
"4","70643369","T","C","Benign","ENAM"
"16","56511263","A","G","Benign","BBS2"
"17","6461433","T","C","Benign","PITPNM3"
"17","6503563","G","A","Benign","PITPNM3"
"17","6461561","A","G","Benign","PITPNM3"
"14","95096240","G","A","Benign","DICER1"
"14","95105738","G","A","Benign","DICER1"
"14","95105774","T","G","Benign","DICER1"
"21","45490296","G","A","Benign","COL18A1"
"21","45488441","T","C","Benign","COL18A1"
"21","45476398","G","T","Benign","COL18A1"
"21","45476389","C","G","Benign","COL18A1"
"19","41363487","A","G","Benign","B9D2"
"17","8238389","A","G","Benign","CTC1"
"4","78066003","A","G","Benign","FRAS1"
"4","78499716","C","G","Benign","FRAS1"
"4","78499710","T","C","Benign","FRAS1"
"4","78482528","C","T","Benign","FRAS1"
"4","78479714","C","T","Benign","FRAS1"
"4","78470102","T","C","Benign","FRAS1"
"4","78466310","A","G","Benign","FRAS1"
"4","78466288","C","T","Benign","FRAS1"
"4","78464565","G","A","Benign","FRAS1"
"4","78450320","C","T","Benign","FRAS1"
"4","78265017","G","A","Benign","FRAS1"
"4","78363540","C","T","Benign","FRAS1"
"4","78318909","A","G","Benign","FRAS1"
"4","78284545","T","A","Benign","FRAS1"
"4","78534579","C","T","Benign","FRAS1"
"4","78534560","C","G","Benign","FRAS1"
"4","78526609","T","C","Benign","FRAS1"
"4","78522696","G","A","Benign","FRAS1"
"4","78516001","C","T","Benign","FRAS1"
"10","102067980","T","G","Benign","HPS6"
"11","66514624","G","A","Benign","BBS1"
"3","45968372","G","C","Benign","FYCO1"
"3","45968515","A","G","Benign","FYCO1"
"3","45968585","G","A","Benign","FYCO1"
"3","45955269","C","T","Benign","FYCO1"
"3","45959378","C","T","Benign","FYCO1"
"3","45966331","C","A","Benign","FYCO1"
"3","45966333","A","G","Benign","FYCO1"
"3","45975359","T","A","Benign","FYCO1"
"3","45966595","C","T","Benign","FYCO1"
"3","45979726","C","A","Benign","FYCO1"
"3","45967298","C","T","Benign","FYCO1"
"3","45967995","C","T","Benign","FYCO1"
"3","45967999","G","A","Benign","FYCO1"
"3","45968128","G","A","Benign","FYCO1"
"3","138946187","C","G","Benign","FOXL2"
"3","138946222","C","T","Benign","FOXL2"
"11","22625820","C","T","Benign","FANCF"
"14","104701407","G","A","Benign","INF2"
"14","104701762","C","T","Benign","INF2"
"14","104714448","C","T","Benign","INF2"
"14","104714369","A","G","Benign","INF2"
"14","104714369","A","C","Benign","INF2"
"14","104714315","C","T","Benign","INF2"
"14","104714228","T","C","Benign","INF2"
"14","104713007","C","T","Benign","INF2"
"14","104712857","T","C","Benign","INF2"
"14","104712514","C","T","Benign","INF2"
"14","104711090","C","T","Benign","INF2"
"15","74181398","G","A","Benign","STRA6"
"15","74183999","C","G","Benign","STRA6"
"12","21560374","A","T","Benign","GYS2"
"12","21560468","A","G","Benign","GYS2"
"12","21536948","A","T","Benign","GYS2"
"13","20142394","C","A","Benign","GJA3"
"13","20142746","C","T","Benign","GJA3"
"13","20142272","G","A","Benign","GJA3"
"6","35455885","A","C","Benign","FANCE"
"17","8096639","C","T","Benign","ALOXE3"
"12","66515609","G","A","Benign","GRIP1"
"12","66517991","C","A","Benign","GRIP1"
"12","66392293","T","C","Benign","GRIP1"
"12","66392311","C","G","Benign","GRIP1"
"12","66420707","G","T","Benign","GRIP1"
"14","45137084","C","T","Benign","FANCM"
"14","45175386","G","T","Benign","FANCM"
"21","41740862","G","A","Benign","RIPK4"
"21","41741197","A","G","Benign","RIPK4"
"21","41741645","C","T","Benign","RIPK4"
"21","41741717","G","A","Benign","RIPK4"
"21","41741990","C","T","Benign","RIPK4"
"21","41744072","G","T","Benign","RIPK4"
"7","138771243","T","C","Benign","ATP6V0A4"
"7","138732973","T","C","Benign","ATP6V0A4"
"7","138734165","C","T","Benign","ATP6V0A4"
"20","51791838","C","G","Benign","SALL4"
"20","51791943","T","C","Benign","SALL4"
"20","51788963","G","C","Benign","SALL4"
"20","51790091","A","C","Benign","SALL4"
"20","51790446","C","T","Benign","SALL4"
"20","51790963","T","G","Benign","SALL4"
"20","51791427","G","A","Benign","SALL4"
"11","823809","C","G","Benign","PNPLA2"
"11","824805","C","T","Benign","PNPLA2"
"11","824789","T","C","Benign","PNPLA2"
"11","824428","G","T","Benign","PNPLA2"
"12","20862826","G","A","Benign","SLCO1B3"
"12","20861014","C","T","Benign","SLCO1B3"
"12","20858546","T","G","Benign","SLCO1B3"
"12","20883477","A","G","Benign","SLCO1B3"
"1","150553930","C","T","Benign","ADAMTSL4"
"1","150553568","G","C","Benign","ADAMTSL4"
"1","150558574","G","A","Benign","ADAMTSL4"
"1","150558532","T","C","Benign","ADAMTSL4"
"7","130440971","A","C","Benign","CEP41"
"15","91000531","G","A","Benign","VPS33B"
"15","91005371","C","T","Benign","VPS33B"
"15","34342123","G","C","Benign","NOP10"
"17","61480239","C","T","Benign","TBX4"
"17","61467502","G","A","Benign","TBX4"
"17","61483324","C","T","Benign","TBX4"
"11","45811384","G","A","Benign","SLC35C1"
"17","7703404","C","G","Benign","WRAP53"
"3","43565644","A","G","Benign","ANO10"
"20","6084063","T","C","Benign","FERMT1"
"20","6085082","G","A","Benign","FERMT1"
"20","6085084","A","G","Benign","FERMT1"
"20","6116048","G","A","Benign","FERMT1"
"20","6119441","T","C","Benign","FERMT1"
"20","6119583","T","G","Benign","FERMT1"
"6","135442728","C","T","Benign","AHI1"
"5","137692340","A","G","Benign","KLHL3"
"5","137625877","G","T","Benign","KLHL3"
"5","137634104","G","A","Benign","KLHL3"
"11","125961075","T","A","Benign","CDON"
"11","125961806","C","T","Benign","CDON"
"11","125978366","G","A","Benign","CDON"
"11","125981160","T","C","Benign","CDON"
"11","125981286","C","T","Benign","CDON"
"11","126001840","G","A","Benign","CDON"
"10","94032006","G","A","Benign","PLCE1"
"10","94031856","T","C","Benign","PLCE1"
"10","94316738","C","G","Benign","PLCE1"
"10","94298541","C","T","Benign","PLCE1"
"10","94171330","G","T","Benign","PLCE1"
"11","95923947","A","C","Benign","MTMR2"
"11","95847762","C","T","Benign","MTMR2"
"3","47007703","A","G","Benign","NBEAL2"
"3","47006072","T","C","Benign","NBEAL2"
"3","47004356","C","T","Benign","NBEAL2"
"3","47004249","C","G","Benign","NBEAL2"
"3","47002632","A","T","Benign","NBEAL2"
"3","47002132","G","A","Benign","NBEAL2"
"3","47002048","C","T","Benign","NBEAL2"
"3","47001748","C","T","Benign","NBEAL2"
"3","46995266","C","G","Benign","NBEAL2"
"3","46995088","G","A","Benign","NBEAL2"
"3","46995075","G","A","Benign","NBEAL2"
"2","73452147","A","G","Benign","ALMS1"
"2","73450765","G","C","Benign","ALMS1"
"6","72179769","A","G","Benign","RIMS1"
"6","72392740","C","T","Benign","RIMS1"
"6","43040560","G","A","Benign","CUL7"
"6","43052450","C","T","Benign","CUL7"
"6","43046560","A","G","Benign","CUL7"
"6","43046561","A","G","Benign","CUL7"
"18","2920290","C","T","Benign","LPIN2"
"1","179575763","A","G","Benign","NPHS2"
"20","25082079","G","T","Benign","VSX1"
"2","189565451","T","C","Benign","SLC40A1"
"2","189580558","G","C","Benign","SLC40A1"
"2","189580468","C","G","Benign","SLC40A1"
"19","43527172","G","A","Benign","ETHE1"
"9","97432124","T","C","Benign","TDRD7"
"9","97428498","A","G","Benign","TDRD7"
"1","231266156","G","A","Benign","GNPAT"
"8","115619675","G","T","Benign","TRPS1"
"8","115586991","T","C","Benign","TRPS1"
"15","45111868","C","T","Benign","DUOX2"
"15","45099368","T","A","Benign","DUOX2"
"15","45099877","C","T","Benign","DUOX2"
"15","45108160","G","C","Benign","DUOX2"
"22","36875840","T","C","Benign","NCF4"
"22","36877700","G","A","Benign","NCF4"
"8","132625413","C","T","Benign","LRRC6"
"17","16939598","T","C","Benign","TNFRSF13B"
"7","120788745","G","T","Benign","TSPAN12"
"1","47416738","G","A","Benign","FOXE3|LINC01389"
